date,open,high,close,low,volume,price_change,p_change,ma5,ma10,ma20,v_ma5,v_ma10,v_ma20,token
2017-12-06,4027.12,4031.75,4015.82,3964.81,1092862.0,-24.35,-0.6,4015.818,4044.521,4087.454,1142781.51,1250463.01,1373049.54,0
2017-12-05,4007.94,4045.93,4040.17,4006.54,1540870.75,21.31,0.53,4023.404,4065.696,4089.063,1173316.39,1327653.81,1393820.31,0
2017-12-04,3989.05,4032.99,4018.86,3982.32,1026472.19,20.72,0.52,4026.534,4083.449,4089.767,1069258.43,1353917.56,1392835.1,0
2017-12-01,4003.56,4027.11,3998.14,3984.38,973869.12,-7.96,-0.2,4032.752,4095.946,4089.868,1150874.51,1388717.61,1402552.07,0
2017-11-30,4034.01,4052.8,4006.1,3988.0,1079833.5,-47.65,-1.18,4053.964,4108.217,4089.596,1217816.76,1483114.82,1418560.83,0
2017-11-29,4061.35,4069.24,4053.75,4004.69,1245536.38,-2.07,-0.05,4073.224,4118.108,4089.148,1358144.51,1496515.88,1427619.45,0
2017-11-28,4034.21,4056.48,4055.82,4010.3,1020580.94,5.87,0.14,4107.988,4120.1,4086.292,1481991.24,1492597.94,1430551.32,0
2017-11-27,4088.93,4088.93,4049.95,4037.15,1434552.62,-54.25,-1.32,4140.364,4124.453,4083.837,1638576.7,1533776.79,1434111.66,0
2017-11-24,4089.47,4116.59,4104.2,4057.49,1308580.38,1.8,0.04,4159.14,4132.265,4081.825,1626560.7,1541767.84,1441077.82,0
2017-11-23,4213.38,4214.19,4102.4,4086.9,1781472.25,-125.17,-2.96,4162.47,4133.036,4077.714,1748412.87,1552726.96,1438985.23,0
2017-11-22,4228.37,4260.64,4227.57,4191.15,1864770.0,9.87,0.23,4162.992,4130.386,4072.273,1634887.25,1495636.07,1414859.35,0
2017-11-21,4131.85,4220.26,4217.7,4129.98,1803508.25,73.87,1.78,4132.212,4112.43,4059.742,1503204.65,1459986.8,1365723.58,0
2017-11-20,4093.73,4144.51,4143.83,4060.96,1374472.62,22.98,0.56,4108.542,4096.085,4046.826,1428976.87,1431752.64,1322077.24,0
2017-11-17,4094.08,4122.38,4120.85,4081.37,1917841.25,15.84,0.39,4105.39,4083.791,4036.175,1456974.97,1416386.54,1294096.1,0
2017-11-16,4063.49,4107.62,4105.01,4062.27,1213844.12,31.34,0.77,4103.602,4070.976,4026.475,1357041.05,1354006.85,1234694.13,0
2017-11-15,4084.21,4102.81,4073.67,4055.72,1206357.0,-25.68,-0.63,4097.78,4060.188,4017.787,1356384.9,1358723.01,1227265.55,0
2017-11-14,4129.27,4133.55,4099.35,4086.89,1432369.38,-28.72,-0.7,4092.648,4052.483,4011.312,1416768.95,1368504.69,1217432.62,0
2017-11-13,4115.55,4137.65,4128.07,4115.55,1514463.12,16.16,0.39,4083.628,4043.22,4001.998,1434528.4,1334446.52,1186934.76,0
2017-11-10,4070.28,4116.71,4111.91,4067.66,1418171.62,36.01,0.88,4062.192,4031.385,3991.267,1375798.1,1340387.81,1171889.13,0
2017-11-09,4043.07,4076.61,4075.9,4038.4,1210563.38,27.89,0.69,4038.35,4022.391,3981.721,1350972.65,1325243.5,1146051.58,0
2017-11-08,4051.49,4089.15,4048.01,4040.58,1508277.25,-6.24,-0.15,4022.596,4014.159,3973.574,1361061.12,1334082.62,1132693.87,0
2017-11-07,4022.4,4064.22,4054.25,4021.36,1521166.62,33.36,0.83,4012.318,4007.053,3966.308,1320240.42,1271460.36,1109489.08,0
2017-11-06,3989.18,4021.64,4020.89,3975.41,1220811.62,28.19,0.71,4002.812,3997.568,3958.088,1234364.65,1212401.85,1089697.05,0
2017-11-03,3992.35,3999.34,3992.7,3963.03,1294044.38,-4.43,-0.11,4000.578,3988.559,3951.154,1304977.53,1171805.67,1096424.39,0
2017-11-02,3994.09,3999.23,3997.13,3971.38,1261005.75,0.51,0.01,4006.432,3981.974,3943.344,1299514.35,1115381.41,1078375.18,0
2017-11-01,4007.91,4032.46,3996.62,3991.32,1304173.75,-10.1,-0.25,4005.722,3975.386,3934.614,1307104.12,1095808.09,1062096.93,0
2017-10-31,3995.39,4009.28,4006.72,3983.26,1091787.75,-3.0,-0.07,4001.788,3970.14,3925.843,1222680.29,1066360.56,1039716.15,0
2017-10-30,4022.16,4033.34,4009.72,3960.27,1573876.0,-12.25,-0.3,3992.324,3960.775,3916.546,1190439.05,1039423.01,1026061.47,0
2017-10-27,3992.55,4024.46,4021.97,3991.35,1266728.5,28.39,0.71,3976.54,3951.148,3906.95,1038633.81,1003390.44,999342.15,0
2017-10-26,3980.05,4013.6,3993.58,3973.55,1298954.62,16.63,0.42,3957.516,3941.051,3897.738,931248.47,966859.66,986315.63,0
2017-10-25,3958.17,3978.09,3976.95,3954.0,882054.56,17.55,0.44,3945.05,3932.988,3889.95,884512.05,931305.12,976916.99,0
2017-10-24,3926.23,3959.5,3959.4,3922.03,930581.56,28.6,0.73,3938.492,3925.562,3883.225,910040.82,947517.81,983379.03,0
2017-10-23,3930.89,3936.27,3930.8,3920.66,814849.81,3.95,0.1,3929.226,3918.608,3876.861,888406.96,966992.24,993066.45,0
2017-10-20,3918.53,3928.96,3926.85,3910.2,729801.81,-4.4,-0.11,3925.756,3913.749,3872.478,968147.08,1021043.11,1011291.16,0
2017-10-19,3940.58,3944.03,3931.25,3923.65,1065272.5,-12.91,-0.33,3924.586,3904.714,3867.7,1002470.85,1041368.96,1036014.57,0
2017-10-18,3914.82,3944.41,3944.16,3914.82,1009698.44,31.09,0.8,3920.926,3893.843,3862.636,978098.19,1028385.78,1040430.24,0
2017-10-17,3910.79,3924.61,3913.07,3900.48,822412.25,-0.38,-0.01,3912.632,3881.547,3857.558,984994.8,1013071.74,1037650.71,0
2017-10-16,3926.28,3947.42,3913.45,3913.32,1213550.38,-7.55,-0.19,3907.99,3872.318,3853.801,1045577.53,1012699.93,1068625.22,0
2017-10-13,3912.98,3927.17,3921.0,3908.89,901420.69,8.05,0.21,3901.742,3862.752,3849.411,1073939.15,995293.86,1069889.7,0
2017-10-12,3902.02,3917.44,3912.95,3897.55,943409.19,10.26,0.26,3884.842,3854.425,3844.661,1080267.06,1005771.59,1077836.91,0
2017-10-11,3886.82,3913.07,3902.69,3885.5,1044181.5,12.83,0.33,3866.76,3846.912,3840.507,1078673.36,1022528.86,1092608.54,0
2017-10-10,3883.0,3900.74,3889.86,3855.47,1125325.88,7.65,0.2,3850.462,3840.887,3837.845,1041148.69,1019240.26,1106098.83,0
2017-10-09,3910.11,3918.84,3882.21,3876.03,1355358.5,45.71,1.19,3836.646,3835.113,3836.204,979822.32,1019140.66,1112314.61,0
2017-09-29,3825.2,3852.22,3836.5,3825.2,933060.25,13.96,0.36,3823.762,3831.206,3834.375,916648.57,1001539.21,1119329.85,0
2017-09-28,3821.59,3827.33,3822.54,3813.75,935440.69,1.34,0.04,3824.008,3830.686,3834.076,931276.12,1030660.18,1151999.59,0
2017-09-27,3818.96,3832.57,3821.2,3818.81,856558.12,0.42,0.01,3827.064,3831.428,3834.054,966384.36,1052474.7,1171700.03,0
2017-09-26,3810.33,3821.69,3820.78,3808.38,818694.06,2.99,0.08,3831.312,3833.569,3834.709,997331.83,1062229.68,1199548.55,0
2017-09-25,3829.22,3835.39,3817.79,3811.12,1039489.75,-19.94,-0.52,3833.58,3835.284,3835.397,1058458.99,1124550.51,1222727.39,0
2017-09-22,3826.46,3842.25,3837.73,3816.82,1006198.0,-0.09,-0.0,3838.65,3836.07,3836.643,1086429.84,1144485.53,1263541.06,0
2017-09-21,3843.26,3860.8,3837.82,3837.38,1110981.88,-4.62,-0.12,3837.364,3834.896,3834.544,1130044.24,1149902.23,1278201.61,0
2017-09-20,3830.15,3850.94,3842.44,3827.89,1011295.44,10.32,0.27,3835.792,3834.101,3829.386,1138565.04,1162688.22,1267626.2,0
2017-09-19,3849.88,3857.3,3832.12,3820.29,1124329.88,-11.02,-0.29,3835.826,3834.802,3825.068,1127127.53,1192957.4,1269542.22,0
2017-09-18,3832.96,3862.36,3843.14,3832.96,1179344.0,11.84,0.31,3836.988,3837.295,3821.077,1190642.03,1205488.56,1263472.15,0
2017-09-15,3826.14,3843.3,3831.3,3818.52,1224270.0,1.34,0.04,3833.49,3837.543,3815.97,1202541.23,1237120.49,1254661.49,0
2017-09-14,3843.57,3854.49,3829.96,3820.09,1153585.88,-12.65,-0.33,3832.428,3837.467,3810.638,1169760.23,1273339.0,1241728.84,0
2017-09-13,3835.55,3847.78,3842.61,3822.94,954107.88,4.68,0.12,3832.41,3836.68,3805.204,1186811.4,1290925.35,1238377.67,0
2017-09-12,3832.24,3849.39,3837.93,3822.0,1441902.38,12.28,0.32,3833.778,3835.849,3798.145,1258787.28,1336867.43,1242739.35,0
2017-09-11,3828.34,3850.74,3825.65,3817.51,1238840.0,-0.34,-0.01,3837.602,3835.51,3791.551,1220335.1,1320904.26,1223866.67,0
2017-09-08,3830.07,3843.02,3825.99,3813.98,1060365.0,-3.88,-0.1,3841.596,3837.216,3785.002,1271699.75,1382596.59,1219578.89,0
2017-09-07,3851.69,3858.16,3829.87,3828.84,1238841.75,-19.58,-0.51,3842.506,3834.192,3776.071,1376917.77,1406500.99,1241754.35,0
2017-09-06,3846.75,3858.25,3849.45,3831.38,1313987.25,-7.6,-0.2,3840.95,3824.67,3770.373,1395039.3,1372564.19,1244854.83,0
2017-09-05,3845.55,3865.29,3857.05,3841.95,1249641.5,11.43,0.3,3837.92,3815.334,3764.452,1414947.57,1346127.04,1241495.46,0
2017-09-04,3828.54,3847.09,3845.62,3813.55,1495663.25,15.08,0.39,3833.418,3804.859,3758.21,1421473.42,1321455.74,1247634.35,0
2017-09-01,3825.34,3843.62,3830.54,3818.16,1586455.12,8.45,0.22,3832.836,3794.396,3752.269,1493493.42,1272202.49,1234966.95,0
2017-08-31,3835.84,3840.2,3822.09,3800.89,1329449.38,-12.21,-0.32,3825.878,3783.809,3746.121,1436084.2,1210118.69,1234379.22,0
2017-08-30,3834.27,3854.71,3834.3,3827.86,1413528.62,-0.24,-0.01,3808.39,3773.728,3741.408,1350089.07,1185830.0,1240983.73,0
2017-08-29,3839.18,3847.93,3834.54,3825.76,1282270.75,-8.17,-0.21,3792.748,3760.44,3737.736,1277306.5,1148611.28,1256453.99,0
2017-08-28,3805.66,3866.94,3842.71,3805.66,1855763.25,46.96,1.24,3776.3,3747.592,3734.528,1221438.06,1126829.07,1268613.72,0
2017-08-25,3736.29,3795.97,3795.75,3736.29,1299409.0,61.1,1.64,3755.956,3732.789,3729.285,1050911.56,1056561.19,1250040.08,0
2017-08-24,3755.89,3765.71,3734.65,3729.09,899473.75,-21.44,-0.57,3741.74,3717.949,3725.592,984153.17,1077007.72,1240775.32,0
2017-08-23,3747.61,3772.46,3756.09,3741.72,1049615.75,3.79,0.1,3739.066,3716.076,3724.47,1021570.92,1117145.47,1268303.08,0
2017-08-22,3745.75,3758.29,3752.3,3734.56,1002928.56,11.31,0.3,3728.132,3713.571,3721.935,1019916.06,1136863.88,1283984.9,0
2017-08-21,3731.84,3744.26,3740.99,3728.62,1003130.75,16.32,0.44,3718.884,3711.562,3720.297,1032220.07,1173812.95,1294674.51,0
2017-08-18,3707.19,3733.49,3724.67,3700.41,965617.06,3.39,0.09,3709.622,3710.142,3720.422,1062210.82,1197731.4,1311952.33,0
2017-08-17,3707.07,3722.62,3721.28,3704.41,1086562.5,19.86,0.54,3694.158,3708.433,3720.618,1169862.26,1258639.76,1322642.09,0
2017-08-16,3701.13,3707.14,3701.42,3679.73,1041341.44,-4.64,-0.12,3693.086,3709.088,3721.948,1212720.01,1296137.46,1339518.98,0
2017-08-15,3695.78,3719.29,3706.06,3692.28,1064448.62,11.38,0.31,3699.01,3715.031,3723.365,1253811.7,1364296.7,1378690.81,0
2017-08-14,3651.38,3698.37,3694.68,3651.38,1153084.5,47.33,1.3,3704.24,3721.463,3721.42,1315405.83,1410398.38,1387779.4,0
2017-08-11,3687.93,3700.49,3647.35,3645.09,1503874.25,-68.57,-1.84,3710.662,3725.782,3719.864,1333251.98,1443518.96,1419535.98,0
2017-08-10,3724.96,3746.86,3715.92,3688.18,1300851.25,-15.12,-0.41,3722.708,3733.236,3722.651,1347417.25,1404542.93,1397099.26,0
2017-08-09,3728.03,3739.0,3731.04,3713.57,1246799.88,-1.17,-0.03,3725.09,3732.863,3721.202,1379554.9,1419460.7,1394891.48,0
2017-08-08,3724.33,3737.33,3732.21,3718.81,1372419.25,5.42,0.14,3731.052,3730.298,3717.591,1474781.7,1431105.93,1393695.38,0
2017-08-07,3701.22,3730.78,3726.79,3689.96,1242315.25,19.21,0.52,3738.686,3729.033,3714.52,1505390.93,1415536.06,1384454.83,0
2017-08-04,3724.72,3738.73,3707.58,3707.0,1574700.62,-20.25,-0.54,3740.902,3730.701,3710.866,1553785.95,1426173.26,1382635.02,0
2017-08-03,3755.11,3766.35,3727.83,3718.44,1461539.5,-33.02,-0.88,3743.764,3732.803,3708.283,1461668.6,1386644.43,1355767.74,0
2017-08-02,3768.19,3784.35,3760.85,3759.28,1722933.88,-9.53,-0.25,3740.636,3734.808,3704.896,1459366.5,1382900.51,1333880.39,0
2017-08-01,3738.74,3770.4,3770.38,3737.1,1525465.38,32.51,0.87,3729.544,3731.698,3699.838,1387430.15,1393084.91,1291849.9,0
2017-07-31,3722.43,3746.52,3737.87,3713.66,1484290.38,15.98,0.43,3719.38,3721.378,3692.318,1325681.2,1365160.43,1263112.34,0
2017-07-28,3703.49,3725.54,3721.89,3696.78,1114113.88,9.7,0.26,3720.5,3713.947,3687.967,1298560.57,1395552.99,1233308.25,0
2017-07-27,3700.86,3716.69,3712.19,3672.5,1450029.0,6.8,0.18,3721.842,3712.067,3685.213,1311620.25,1389655.6,1218357.57,0
2017-07-26,3722.88,3738.53,3705.39,3684.18,1363252.12,-14.17,-0.38,3728.98,3709.54,3683.045,1306434.52,1370322.25,1188650.87,0
2017-07-25,3742.64,3752.16,3719.56,3713.28,1216720.62,-23.91,-0.64,3733.852,3704.883,3680.083,1398739.68,1356284.83,1169448.69,0
2017-07-24,3724.38,3755.19,3743.47,3719.85,1348687.25,14.87,0.4,3723.376,3700.008,3677.842,1404639.65,1353373.59,1157392.01,0
2017-07-21,3738.18,3751.69,3728.6,3722.07,1179412.25,-19.28,-0.51,3707.394,3691.03,3674.073,1492545.4,1339096.78,1157276.65,0
2017-07-20,3725.14,3750.19,3747.88,3723.07,1424100.38,18.13,0.49,3702.292,3683.763,3668.786,1467690.95,1324891.05,1150870.61,0
2017-07-19,3660.87,3731.05,3729.75,3658.2,1824777.88,62.57,1.71,3690.1,3674.985,3660.91,1434209.98,1284860.26,1147429.08,0
2017-07-18,3648.49,3667.54,3667.18,3622.04,1246220.5,3.62,0.1,3675.914,3667.978,3653.82,1313829.98,1190614.89,1100120.1,0
2017-07-17,3700.62,3716.47,3663.56,3621.37,1788216.0,-39.53,-1.07,3676.64,3663.258,3647.786,1302107.53,1161064.26,1078063.85,0
2017-07-14,3682.62,3703.09,3703.09,3672.74,1055140.0,16.17,0.44,3674.666,3661.987,3642.291,1185648.15,1071063.52,1028551.62,0
2017-07-13,3656.35,3690.48,3686.92,3652.57,1256695.5,28.1,0.77,3665.234,3658.358,3633.074,1182091.15,1047059.54,1014020.98,0
2017-07-12,3672.63,3691.58,3658.82,3640.59,1222877.88,-11.99,-0.33,3659.87,3656.549,3625.168,1135510.54,1006979.49,992502.47,0
2017-07-11,3646.88,3701.21,3670.81,3645.99,1187608.25,17.12,0.47,3660.042,3655.284,3618.992,1067399.81,982612.56,973263.97,0
2017-07-10,3647.94,3667.85,3653.69,3641.53,1205919.12,-2.24,-0.06,3649.876,3655.675,3614.565,1020020.99,961410.44,951472.12,0
2017-07-07,3647.64,3657.11,3655.93,3631.87,1037355.0,-4.17,-0.11,3649.308,3657.115,3610.6,956478.89,975456.52,936366.75,0
2017-07-06,3654.56,3666.77,3660.1,3629.56,1023792.44,0.42,0.01,3651.482,3653.81,3606.612,912027.94,976850.16,935093.13,0
2017-07-05,3611.9,3660.73,3659.68,3610.46,882324.25,39.7,1.1,3653.228,3646.834,3601.656,878448.45,1009997.91,929015.97,0
2017-07-04,3646.83,3646.85,3619.98,3611.69,950714.12,-30.87,-0.85,3650.526,3639.662,3595.366,897825.31,1009625.31,937109.74,0
2017-07-03,3667.23,3667.6,3650.85,3633.78,888208.62,-15.95,-0.43,3661.474,3632.313,3589.011,902799.89,995063.45,921618.73,0
2017-06-30,3654.73,3669.76,3666.8,3646.23,815100.25,-2.03,-0.06,3664.922,3622.595,3579.906,994434.16,986039.73,917077.37,0
2017-06-29,3649.25,3669.13,3668.83,3644.73,855895.0,22.66,0.62,3656.138,3607.791,3570.891,1041672.39,980982.41,917656.36,0
2017-06-28,3664.16,3672.19,3646.17,3644.03,979208.56,-28.55,-0.78,3640.44,3593.787,3562.337,1141547.36,978025.45,926425.48,0
2017-06-27,3665.58,3676.53,3674.72,3648.76,975587.0,6.63,0.18,3628.798,3582.7,3554.672,1121425.3,963915.38,929879.92,0
2017-06-26,3627.02,3671.94,3668.09,3627.02,1346380.0,45.21,1.25,3603.152,3573.455,3544.957,1087327.01,941533.81,932721.14,0
2017-06-23,3583.44,3623.24,3622.88,3569.32,1051291.38,32.54,0.91,3580.268,3564.085,3535.836,977645.3,897276.98,930762.96,0
2017-06-22,3583.56,3635.53,3590.34,3581.34,1355269.88,2.38,0.07,3559.444,3559.414,3525.9,920292.44,893336.11,919974.97,0
2017-06-21,3567.13,3587.99,3587.96,3545.57,878598.25,41.47,1.17,3547.134,3556.478,3517.593,814503.54,848034.03,910666.99,0
2017-06-20,3560.79,3563.7,3546.49,3539.51,805095.56,-7.18,-0.2,3536.602,3551.069,3508.757,806405.45,864594.17,913006.86,0
2017-06-19,3520.06,3554.91,3553.67,3520.06,797971.44,34.91,0.99,3543.758,3545.708,3501.625,795740.61,848174.0,908488.84,0
2017-06-16,3522.97,3536.14,3518.76,3514.39,764527.06,-10.03,-0.28,3547.902,3537.216,3493.847,816908.66,848115.01,911470.07,0
2017-06-15,3530.75,3542.28,3528.79,3508.95,826325.38,-6.51,-0.18,3559.384,3533.991,3488.408,866379.78,854330.31,923112.13,0
2017-06-14,3571.25,3571.25,3535.3,3530.27,838107.81,-46.97,-1.31,3565.822,3530.886,3483.4,881564.51,874825.5,934417.07,0
2017-06-13,3569.16,3584.41,3582.27,3559.21,751771.38,7.88,0.22,3565.536,3526.644,3476.595,922782.89,895844.46,934000.48,0
2017-06-12,3570.22,3603.69,3574.39,3565.9,903811.69,-1.78,-0.05,3547.658,3516.46,3466.75,900607.39,923908.48,943105.15,0
2017-06-09,3561.24,3590.89,3576.17,3560.63,1011882.62,15.19,0.43,3526.53,3507.587,3455.864,879321.35,964248.93,952541.01,0
2017-06-08,3531.24,3562.27,3560.98,3528.18,902249.06,27.11,0.77,3508.598,3492.387,3443.94,842280.85,946613.83,947988.19,0
2017-06-07,3493.88,3537.09,3533.87,3491.13,1044199.69,40.99,1.17,3495.95,3478.708,3433.518,868086.49,973299.96,941261.57,0
2017-06-06,3464.38,3492.88,3492.88,3460.45,640893.88,24.13,0.7,3487.752,3466.445,3424.765,868906.04,961419.55,950926.23,0
2017-06-05,3480.17,3484.12,3468.75,3462.31,797381.5,-17.76,-0.51,3485.262,3457.542,3419.248,947209.56,968803.69,973829.21,0
2017-06-02,3491.59,3498.12,3486.51,3470.2,826680.12,-11.23,-0.32,3488.644,3450.478,3416.03,1049176.51,974825.13,985701.17,0
2017-06-01,3485.22,3499.81,3497.74,3476.43,1031277.25,4.86,0.14,3476.176,3442.824,3412.361,1050946.81,991893.95,990201.98,0
2017-05-31,3495.07,3515.08,3492.88,3474.92,1048297.44,12.45,0.36,3461.466,3435.915,3408.803,1078513.44,994008.64,985036.84,0
2017-05-26,3479.62,3498.31,3480.43,3473.04,1032411.5,-5.23,-0.15,3445.138,3426.546,3406.147,1053933.06,972156.51,983438.15,0
2017-05-25,3414.4,3490.42,3485.66,3413.22,1307216.25,61.49,1.8,3429.822,3417.041,3404.461,990397.81,962301.83,993466.78,0
2017-05-24,3409.72,3424.17,3424.17,3383.89,835531.62,-0.02,-0.0,3412.312,3404.14,3402.437,900473.74,940833.09,984075.98,0
2017-05-23,3405.03,3434.77,3424.19,3401.53,1169110.38,12.95,0.38,3409.472,3395.493,3403.277,932841.09,949362.55,989335.48,0
2017-05-22,3400.59,3424.18,3411.24,3391.17,925395.56,7.39,0.22,3410.364,3388.327,3403.631,909503.84,909223.18,988210.35,0
2017-05-19,3395.23,3405.94,3403.85,3392.38,714735.25,5.74,0.17,3407.954,3383.084,3406.408,890379.95,940432.91,994150.13,0
2017-05-18,3387.67,3409.93,3398.11,3383.94,857595.88,-11.86,-0.35,3404.26,3380.954,3409.293,934205.84,978854.73,1015505.48,0
2017-05-17,3423.19,3433.97,3409.97,3408.15,997368.38,-18.68,-0.55,3395.968,3381.582,3411.682,981192.44,996577.21,1033300.31,0
2017-05-16,3390.93,3428.85,3428.65,3373.55,1052424.12,29.46,0.87,3381.514,3381.898,3414.32,965884.01,988510.0,1038895.81,0
2017-05-15,3391.59,3406.58,3399.19,3391.59,829776.12,13.81,0.41,3366.29,3381.691,3416.885,908942.53,976065.05,1044857.08,0
2017-05-12,3350.94,3387.27,3385.38,3349.17,933864.69,28.73,0.86,3358.214,3385.747,3421.25,990485.88,994719.79,1071105.31,0
2017-05-11,3322.95,3359.6,3356.65,3312.89,1092528.88,18.95,0.57,3357.648,3391.881,3427.71,1023503.62,1024631.74,1089402.98,0
2017-05-10,3350.65,3369.43,3337.7,3336.0,920826.25,-14.83,-0.44,3367.196,3400.734,3435.349,1011961.99,1027318.88,1125688.81,0
2017-05-09,3342.6,3358.05,3352.53,3327.59,767716.69,-6.28,-0.19,3382.282,3411.061,3444.331,1011135.99,1029308.41,1162620.42,0
2017-05-08,3369.11,3374.16,3358.81,3339.57,1237492.88,-23.74,-0.7,3397.092,3418.934,3451.961,1043187.58,1067197.53,1195178.27,0
2017-05-05,3393.48,3395.45,3382.55,3366.56,1098953.38,-21.84,-0.64,3413.28,3429.732,3459.894,998953.7,1047867.35,1203450.22,0
2017-05-04,3404.94,3421.4,3404.39,3391.28,1034820.75,-8.74,-0.26,3426.114,3437.632,3466.469,1025759.87,1052156.22,1216886.06,0
2017-05-03,3421.76,3432.22,3413.13,3403.08,916696.25,-13.45,-0.39,3434.272,3441.781,3471.444,1042675.77,1070023.41,1236844.52,0
2017-05-02,3427.92,3436.31,3426.58,3418.67,927974.62,-13.17,-0.38,3439.84,3446.742,3473.59,1047480.82,1089281.61,1236798.46,0
2017-04-28,3439.57,3439.9,3439.75,3417.24,1016323.5,-6.97,-0.2,3440.776,3452.078,3474.099,1091207.48,1113649.11,1248588.19,0
2017-04-27,3435.1,3449.27,3446.72,3399.54,1232984.25,1.54,0.04,3446.184,3456.753,3475.371,1096781.0,1147490.84,1250197.87,0
2017-04-26,3440.25,3466.57,3445.18,3439.15,1119400.25,4.21,0.12,3449.15,3463.538,3476.525,1078552.57,1154174.22,1230646.07,0
2017-04-25,3427.73,3449.67,3440.97,3422.65,940721.5,9.71,0.28,3449.29,3469.964,3478.168,1097371.05,1224058.74,1228183.74,0
2017-04-24,3458.23,3458.23,3431.26,3403.98,1146607.88,-35.53,-1.02,3453.644,3477.6,3480.6,1131082.4,1295932.42,1243970.58,0
2017-04-21,3461.39,3475.56,3466.79,3449.54,1044191.12,5.24,0.15,3463.38,3484.988,3482.136,1136090.75,1323159.01,1233799.22,0
2017-04-20,3444.52,3465.61,3461.55,3440.72,1141842.12,15.67,0.46,3467.322,3490.055,3481.299,1198200.67,1359033.1,1234057.62,0
2017-04-19,3452.99,3459.35,3445.88,3418.51,1213492.62,-16.86,-0.49,3477.926,3495.305,3481.539,1229795.87,1381615.89,1220819.44,0
2017-04-18,3474.89,3489.08,3462.74,3462.63,1109278.25,-17.2,-0.49,3490.638,3501.106,3481.725,1350746.42,1403665.64,1204511.97,0
2017-04-17,3475.74,3480.57,3479.94,3453.68,1171649.62,-6.56,-0.19,3501.556,3500.437,3480.879,1460782.45,1384315.31,1200925.84,0
2017-04-14,3516.81,3517.47,3486.5,3476.95,1354740.75,-28.07,-0.8,3506.596,3496.119,3480.957,1510227.28,1383527.27,1195510.31,0
2017-04-13,3500.28,3518.44,3514.57,3496.57,1299818.12,5.13,0.15,3512.788,3493.988,3479.814,1519865.53,1352904.9,1167325.75,0
2017-04-12,3514.57,3523.1,3509.44,3498.0,1818245.38,-7.89,-0.22,3512.684,3489.512,3476.92,1533435.9,1307117.91,1140873.83,0
2017-04-11,3503.83,3520.13,3517.33,3466.14,1659458.38,12.19,0.35,3511.574,3486.372,3474.353,1456584.85,1232308.74,1095803.62,0
2017-04-10,3519.46,3522.8,3505.14,3502.08,1418873.75,-12.32,-0.35,3499.318,3483.599,3469.881,1307848.16,1192008.74,1047838.8,0
2017-04-07,3514.45,3526.82,3517.46,3506.39,1402932.0,3.41,0.1,3485.642,3479.283,3465.971,1256827.26,1144439.43,1019180.31,0
2017-04-06,3507.99,3517.78,3514.05,3495.72,1367670.0,10.16,0.29,3475.188,3472.542,3462.535,1185944.27,1109082.13,988827.55,0
2017-04-05,3476.42,3504.54,3503.89,3475.15,1433990.12,47.84,1.38,3466.34,3467.772,3459.53,1080799.91,1060022.99,960611.41,0
2017-03-31,3434.82,3456.31,3456.05,3430.82,915774.94,19.29,0.56,3461.17,3462.344,3456.66,1008032.64,1005358.3,930447.34,0
2017-03-30,3461.62,3467.3,3436.76,3422.37,1163769.25,-28.43,-0.82,3467.88,3461.32,3455.25,1076169.33,1017536.37,925155.92,0
2017-03-29,3472.97,3483.06,3465.19,3455.55,1048517.06,-4.62,-0.13,3472.924,3465.795,3455.167,1032051.6,1007493.36,911916.5,0
2017-03-28,3480.25,3482.29,3469.81,3461.47,841948.19,-8.23,-0.24,3469.896,3465.64,3454.83,1032219.99,981746.61,911120.82,0
2017-03-27,3488.76,3505.98,3478.04,3474.52,1070153.75,-11.56,-0.33,3469.204,3464.328,3453.98,1039246.06,974629.75,906631.04,0
2017-03-24,3464.2,3499.32,3489.6,3461.11,1256458.38,27.62,0.8,3463.518,3462.334,3452.389,1002683.96,959298.5,902459.44,0
2017-03-23,3452.41,3470.82,3461.98,3435.69,943180.62,11.93,0.35,3454.76,3456.163,3451.601,958903.41,903668.86,887404.08,0
2017-03-22,3450.75,3464.33,3450.05,3433.5,1049359.0,-16.3,-0.47,3458.666,3452.659,3452.168,982935.11,893921.18,890013.22,0
2017-03-21,3449.77,3466.7,3466.35,3445.64,877078.56,16.74,0.48,3461.384,3452.527,3454.153,931273.22,868572.97,888953.26,0
2017-03-20,3449.05,3454.06,3449.61,3429.83,887343.25,3.8,0.11,3459.452,3451.288,3454.977,910013.43,861199.83,902520.34,0
2017-03-17,3485.31,3488.5,3445.81,3441.47,1037555.62,-35.7,-1.02,3461.15,3450.975,3456.066,915913.03,855536.39,924467.61,0
2017-03-16,3472.27,3492.13,3481.51,3472.27,1063339.12,17.87,0.52,3457.566,3449.18,3454.848,848434.31,832775.47,929889.85,0
2017-03-15,3452.21,3463.92,3463.64,3445.27,791049.56,6.95,0.2,3446.652,3444.539,3452.819,804907.25,816339.64,930861.37,0
2017-03-14,3456.66,3465.39,3456.69,3448.9,770779.62,-1.41,-0.04,3443.67,3444.019,3450.722,805872.71,840495.04,955130.56,0
2017-03-13,3425.67,3458.1,3458.1,3412.69,916841.25,30.21,0.88,3443.124,3443.631,3449.678,812386.23,838632.34,963996.31,0
2017-03-10,3423.98,3436.24,3427.89,3423.94,700162.0,0.95,0.03,3440.8,3442.443,3448.587,795159.74,845620.37,978226.52,0
2017-03-09,3442.9,3443.05,3426.94,3414.68,845703.81,-21.79,-0.63,3440.794,3447.039,3447.867,817116.64,871139.31,1005102.78,0
2017-03-08,3452.2,3457.04,3448.73,3441.26,795876.88,-5.23,-0.15,3442.426,3451.677,3446.334,827772.03,886105.26,1011596.85,0
2017-03-07,3446.16,3454.04,3453.96,3440.06,803347.19,7.48,0.22,3444.368,3455.78,3443.062,875117.36,909333.56,1009504.45,0
2017-03-06,3427.25,3449.03,3446.48,3425.9,830708.81,18.62,0.54,3444.138,3458.666,3438.648,864878.45,943840.85,1001214.32,0
2017-03-03,3424.66,3428.88,3427.86,3412.83,809946.5,-7.24,-0.21,3444.086,3461.157,3434.985,896081.01,993398.84,993939.56,0
2017-03-02,3463.48,3468.47,3435.1,3434.0,898980.75,-23.34,-0.68,3453.284,3460.515,3431.816,925161.97,1027004.22,981036.66,0
2017-03-01,3452.21,3472.7,3458.44,3449.11,1032603.56,5.63,0.16,3460.928,3461.098,3429.459,944438.48,1045383.11,968745.95,0
2017-02-28,3445.03,3460.91,3452.81,3441.36,752152.62,6.59,0.19,3467.192,3457.425,3425.332,943549.76,1069766.09,946304.24,0
2017-02-27,3471.13,3472.84,3446.22,3441.39,986721.62,-27.63,-0.8,3473.194,3455.724,3420.914,1022803.26,1089360.29,941793.72,0
2017-02-24,3468.96,3473.85,3473.85,3455.25,955351.31,0.53,0.01,3478.228,3454.73,3416.807,1090716.66,1110832.67,930236.39,0
2017-02-23,3487.57,3492.96,3473.32,3460.12,995363.31,-16.44,-0.47,3467.746,3448.694,3410.859,1128846.47,1139066.26,915119.05,0
2017-02-22,3483.2,3489.95,3489.76,3473.52,1028159.94,6.94,0.2,3461.268,3440.991,3403.658,1146327.74,1137088.44,898430.79,0
2017-02-21,3475.06,3490.09,3482.82,3472.02,1148420.12,11.43,0.33,3447.658,3430.344,3396.138,1195982.42,1109675.33,882334.41,0
2017-02-20,3421.64,3472.6,3471.39,3421.64,1326288.62,49.95,1.46,3438.254,3418.63,3388.315,1155917.32,1058587.78,859640.06,0
2017-02-17,3443.62,3457.56,3421.44,3419.61,1146000.38,-19.49,-0.57,3431.232,3408.812,3380.718,1130948.68,994480.28,872215.2,0
2017-02-16,3421.83,3440.93,3440.93,3418.35,1082769.62,19.22,0.56,3429.642,3403.117,3375.642,1149286.05,935069.1,857005.48,0
2017-02-15,3435.39,3448.03,3421.71,3417.08,1276433.38,-14.09,-0.41,3420.714,3397.82,3369.476,1127849.15,892108.79,843486.57,0
2017-02-14,3438.51,3440.67,3435.8,3424.4,948094.62,-0.48,-0.01,3413.03,3393.239,3365.116,1023368.24,822842.39,825200.62,0
2017-02-13,3416.92,3439.54,3436.28,3416.87,1201445.38,22.79,0.67,3399.006,3386.104,3361.239,961258.24,794227.15,819705.47,0
2017-02-10,3398.32,3422.33,3413.49,3398.03,1237687.25,17.2,0.51,3386.392,3378.884,3357.62,858011.88,749640.11,801487.17,0
2017-02-09,3381.9,3406.59,3396.29,3379.79,975585.12,13.0,0.38,3376.592,3373.024,3354.329,720852.16,691171.85,783332.36,0
2017-02-08,3361.78,3383.69,3383.29,3347.43,754028.81,17.61,0.52,3374.926,3366.324,3352.904,656368.43,659773.14,778721.28,0
2017-02-07,3371.77,3376.71,3365.68,3354.63,637544.62,-7.53,-0.22,3373.448,3361.932,3352.155,622316.53,654993.49,786045.26,0
2017-02-06,3368.11,3381.33,3373.21,3358.75,685213.62,8.72,0.26,3373.202,3358.0,3350.982,627196.06,660692.35,797451.97,0
2017-02-03,3390.93,3392.48,3364.49,3362.57,551888.62,-23.47,-0.69,3371.376,3352.624,3347.826,641268.34,749950.12,799063.35,0
2017-01-26,3378.26,3395.88,3387.96,3378.26,653166.5,12.06,0.36,3369.456,3348.166,3344.49,661491.54,778941.85,806512.88,0
2017-01-25,3361.66,3376.44,3375.9,3357.22,583769.31,11.45,0.34,3357.722,3341.132,3340.186,663177.85,794864.34,808354.78,0
2017-01-24,3363.14,3371.32,3364.45,3355.9,661942.25,0.37,0.01,3350.416,3336.992,3337.211,687670.44,827558.85,816909.49,0
2017-01-23,3359.05,3378.74,3364.08,3355.85,755575.0,9.19,0.27,3342.798,3336.374,3335.108,694188.64,845183.78,828709.37,0
2017-01-20,3326.98,3358.41,3354.89,3326.37,653004.62,25.6,0.77,3333.872,3336.356,3332.284,858631.91,853334.23,839652.97,0
2017-01-19,3330.95,3346.5,3329.29,3324.68,661598.06,-10.08,-0.3,3326.876,3335.634,3331.323,896392.16,875492.88,853141.37,0
2017-01-18,3323.34,3350.96,3339.37,3320.41,706232.25,13.01,0.39,3324.542,3339.484,3331.786,926550.83,897669.43,874188.96,0
2017-01-17,3305.6,3327.38,3326.36,3292.2,694533.25,6.91,0.21,3323.568,3342.378,3330.27,967447.25,917097.03,882662.15,0
2017-01-16,3314.15,3322.78,3319.45,3264.21,1577791.38,-0.46,-0.01,3329.95,3343.965,3330.401,996178.93,934211.6,888755.82,0
2017-01-13,3317.96,3338.17,3319.91,3309.37,841805.88,2.29,0.07,3338.84,3343.028,3331.73,848036.54,848176.58,855253.97,0
2017-01-12,3332.69,3343.13,3317.62,3315.96,812391.38,-16.88,-0.51,3344.392,3340.813,3332.756,854593.59,834083.91,870644.0,0
2017-01-11,3355.8,3366.63,3334.5,3334.3,910714.38,-23.77,-0.71,3354.426,3339.24,3335.822,868788.02,821845.21,892028.31,0
2017-01-10,3361.64,3370.51,3358.27,3354.09,838191.62,-5.63,-0.17,3361.188,3337.429,3339.349,866746.8,806260.13,907045.14,0
2017-01-09,3345.75,3366.22,3363.9,3344.35,837079.44,16.23,0.48,3357.98,3333.842,3341.895,872244.26,812234.95,958869.43,0
2017-01-06,3366.85,3368.87,3347.67,3346.89,874591.12,-20.12,-0.6,3347.216,3328.212,3348.385,848316.61,825971.72,992167.12,0
2017-01-05,3368.34,3373.41,3367.79,3361.46,883363.56,-0.52,-0.01,3337.234,3327.012,3354.509,813574.24,830789.86,1007129.52,0
2017-01-04,3340.56,3369.57,3368.31,3338.15,900508.25,26.08,0.78,3324.054,3324.087,3359.907,774902.4,850708.5,1020133.9,0
2017-01-03,3313.95,3345.26,3342.23,3313.95,865678.94,32.15,0.97,3313.67,3318.162,3364.448,745773.46,848227.27,1032873.03,0
2016-12-30,3302.6,3313.55,3310.08,3295.75,717441.19,12.32,0.37,3309.704,3316.837,3370.808,752225.64,843300.05,1080015.26,0
2016-12-29,3297.04,3312.11,3297.76,3288.1,700879.25,-4.13,-0.12,3309.208,3320.432,3381.751,803626.82,862331.36,1142320.93,0
2016-12-28,3315.75,3320.55,3301.89,3293.17,690004.38,-14.5,-0.44,3316.79,3324.699,3395.115,848005.47,907204.09,1197362.35,0
2016-12-27,3319.21,3330.23,3316.39,3315.83,754863.56,-6.01,-0.18,3324.12,3332.405,3406.921,926514.6,962211.41,1252142.22,0
2016-12-26,3293.22,3322.42,3322.4,3267.05,897939.81,14.8,0.45,3322.654,3341.27,3419.303,950681.07,1007830.15,1332858.22,0
2016-12-23,3333.4,3334.89,3307.6,3300.88,974447.12,-28.07,-0.84,3323.97,3349.948,3429.937,934374.46,1105503.92,1391648.97,0
2016-12-22,3335.12,3340.36,3335.67,3322.72,922772.5,-2.87,-0.09,3331.656,3368.558,3440.622,921035.89,1158362.52,1419737.37,0
2016-12-21,3313.75,3342.48,3338.54,3313.75,1082550.0,29.48,0.89,3332.608,3382.005,3448.276,966402.71,1183469.19,1446471.89,0
2016-12-20,3328.3,3329.1,3309.06,3289.27,875695.94,-19.92,-0.6,3340.69,3395.726,3455.085,997908.21,1189559.29,1473538.64,0
2016-12-19,3342.34,3344.86,3328.98,3325.0,816406.75,-17.05,-0.51,3359.886,3410.735,3463.05,1064979.22,1217518.79,1514015.57,0
2016-12-16,3335.36,3356.29,3346.03,3330.49,907754.25,5.6,0.17,3375.926,3424.778,3468.657,1276633.37,1316730.46,1546412.49,0
2016-12-15,3363.86,3378.04,3340.43,3327.14,1149606.62,-38.52,-1.14,3405.46,3443.07,3472.228,1395689.15,1422310.51,1559000.38,0
2016-12-14,3399.41,3412.28,3378.95,3378.27,1240077.5,-26.09,-0.77,3431.402,3465.531,3477.034,1400535.67,1487520.61,1562300.91,0
2016-12-13,3394.21,3416.21,3405.04,3370.6,1211051.0,-4.14,-0.12,3450.762,3481.436,3479.565,1381210.37,1542073.04,1565201.29,0
2016-12-12,3489.27,3495.8,3409.18,3400.79,1874677.5,-84.52,-2.42,3461.584,3497.336,3480.807,1370058.35,1657886.29,1571931.91,0
2016-12-09,3464.87,3507.93,3493.7,3461.76,1503033.12,23.56,0.68,3473.63,3509.926,3481.861,1356827.55,1677794.03,1584821.58,0
2016-12-08,3481.81,3484.34,3470.14,3466.51,1173839.25,-5.61,-0.16,3480.68,3512.686,3478.037,1448931.88,1681112.21,1609060.68,0
2016-12-07,3458.37,3475.75,3475.75,3445.76,1143451.0,16.6,0.48,3499.66,3514.546,3474.06,1574505.55,1709474.59,1617721.48,0
2016-12-06,3466.24,3477.59,3459.15,3456.81,1155290.88,-10.26,-0.3,3512.11,3514.444,3467.925,1702935.7,1757517.99,1630103.96,0
2016-12-05,3473.69,3496.88,3469.41,3457.34,1808523.5,-59.54,-1.69,3533.088,3515.365,3463.523,1945714.22,1810512.35,1623913.56,0
2016-12-02,3559.77,3562.55,3528.95,3516.79,1963554.75,-36.09,-1.01,3546.222,3512.535,3457.883,1998760.5,1776094.53,1583426.38,0
2016-12-01,3543.96,3575.97,3565.04,3543.25,1801707.62,27.04,0.76,3544.692,3501.386,3449.144,1913292.55,1695690.25,1537283.47,0
2016-11-30,3557.64,3567.07,3538.0,3527.02,1785601.75,-26.04,-0.73,3529.432,3488.536,3439.146,1844443.63,1637081.21,1510309.84,0
2016-11-29,3525.9,3583.72,3564.04,3521.38,2369183.5,28.96,0.82,3516.778,3477.695,3428.914,1812100.28,1588329.55,1466628.3,0
2016-11-28,3538.68,3553.36,3535.08,3528.32,2073754.88,13.78,0.39,3497.642,3464.278,3418.664,1675310.48,1485977.53,1385638.23,0
2016-11-25,3490.04,3521.3,3521.3,3463.95,1536215.0,32.56,0.93,3478.848,3453.795,3408.724,1553428.55,1491849.14,1317626.91,0
2016-11-24,3468.81,3508.16,3488.74,3467.01,1457463.0,14.01,0.4,3458.08,3443.387,3399.666,1478087.95,1537009.14,1287382.82,0
2016-11-23,3473.89,3492.96,3474.73,3465.76,1623885.0,6.37,0.18,3447.64,3433.574,3392.513,1429718.8,1525968.38,1253324.59,0
2016-11-22,3443.22,3469.22,3468.36,3443.22,1685234.5,27.25,0.79,3438.612,3421.406,3386.517,1364558.82,1502689.94,1221142.74,0
2016-11-21,3412.65,3463.14,3441.11,3412.08,1464345.25,23.65,0.69,3430.914,3411.682,3381.471,1296644.57,1437314.77,1192476.86,0
2016-11-18,3437.49,3443.12,3417.46,3413.27,1159512.0,-19.08,-0.56,3428.742,3403.23,3377.795,1430269.72,1390758.23,1195766.77,0
2016-11-17,3423.47,3437.67,3436.54,3412.88,1215617.25,6.95,0.2,3428.694,3396.901,3373.309,1595930.32,1378876.69,1192683.76,0
2016-11-16,3432.43,3435.64,3429.59,3419.24,1298085.12,-0.28,-0.01,3419.508,3389.756,3367.412,1622217.95,1383538.46,1171522.33,0
2016-11-15,3428.87,3434.92,3429.87,3415.99,1345663.25,-0.38,-0.01,3404.2,3380.132,3361.745,1640821.05,1344927.06,1157201.93,0
2016-11-14,3409.22,3452.62,3430.25,3408.14,2132471.0,13.03,0.38,3392.45,3373.05,3356.317,1577984.96,1285298.93,1141349.13,0
2016-11-11,3387.95,3422.67,3417.22,3382.89,1987815.0,26.61,0.79,3377.718,3363.653,3348.699,1351246.74,1143404.69,1077782.33,0
2016-11-10,3374.91,3403.02,3390.61,3374.91,1347055.38,37.56,1.12,3365.108,3355.944,3343.13,1161823.05,1037756.5,1019549.72,0
2016-11-09,3370.6,3373.1,3353.05,3322.08,1391100.62,-18.07,-0.54,3360.004,3351.453,3338.732,1144858.97,980680.81,992809.05,0
2016-11-08,3367.7,3383.92,3371.12,3361.13,1031482.81,14.53,0.43,3356.064,3351.628,3336.08,1049033.06,939595.54,957588.91,0
2016-11-07,3353.44,3362.74,3356.59,3342.31,998779.88,2.42,0.07,3353.65,3351.261,3332.853,992612.9,947638.94,949871.35,0
2016-11-04,3362.21,3377.64,3354.17,3348.43,1040696.56,-10.92,-0.33,3349.588,3352.36,3329.716,935562.65,1000775.31,940191.98,0
2016-11-03,3326.9,3379.99,3365.09,3324.84,1262235.0,31.74,0.95,3346.78,3349.717,3324.672,913689.95,1006490.83,910646.17,0
2016-11-02,3350.71,3356.4,3333.35,3331.38,911971.06,-25.7,-0.77,3342.902,3345.068,3318.637,816502.65,959506.19,875260.69,0
2016-11-01,3338.71,3359.39,3359.05,3334.46,749382.0,22.77,0.68,3347.192,3343.357,3313.514,830158.01,969476.81,852025.89,0
2016-10-31,3332.41,3340.47,3336.28,3317.33,713528.62,-3.85,-0.12,3348.872,3339.585,3307.599,902664.99,997399.32,843787.06,0
2016-10-28,3347.14,3370.75,3340.13,3337.29,931333.06,-5.57,-0.17,3355.132,3333.745,3301.799,1065987.96,1012159.97,843336.73,0
2016-10-27,3351.46,3352.35,3345.7,3335.13,776298.5,-9.1,-0.27,3352.654,3330.317,3298.576,1099291.7,1001342.93,825767.07,0
2016-10-26,3365.2,3367.83,3354.8,3349.57,980247.88,-12.65,-0.38,3347.234,3326.012,3295.847,1102509.74,1004937.28,824828.92,0
2016-10-25,3367.48,3373.91,3367.45,3356.59,1111916.88,-0.13,-0.0,3339.522,3320.533,3291.439,1108795.61,975582.28,805388.01,0
2016-10-24,3332.51,3382.83,3367.58,3330.97,1530143.5,39.84,1.2,3330.298,3314.444,3285.937,1092133.66,952103.75,776184.27,0
2016-10-21,3315.72,3341.56,3327.74,3309.18,1097851.75,9.14,0.28,3312.358,3307.073,3280.714,958331.97,879608.66,729092.64,0
2016-10-20,3317.18,3324.9,3318.6,3312.17,792388.69,2.36,0.07,3307.98,3299.627,3276.263,903394.16,814801.51,709416.4,0
2016-10-19,3323.3,3332.52,3316.24,3309.83,1011677.25,-5.09,-0.15,3304.79,3292.206,3273.35,907364.82,791015.2,703387.11,0
2016-10-18,3272.68,3321.33,3321.33,3272.68,1028607.12,43.45,1.33,3301.544,3283.671,3270.668,842368.94,734574.97,714262.09,0
2016-10-17,3305.96,3309.01,3277.88,3271.54,861135.06,-27.97,-0.85,3298.59,3275.613,3270.503,812073.84,690174.81,704160.25,0
2016-10-14,3298.73,3306.69,3305.85,3285.73,823162.69,3.2,0.1,3301.788,3269.853,3273.587,800885.35,674513.49,697061.58,0
2016-10-13,3299.16,3307.41,3302.65,3292.4,812242.0,2.64,0.08,3291.274,3266.835,3275.336,726208.85,650191.21,707373.5,0
2016-10-12,3299.14,3302.56,3300.01,3289.75,686697.81,-6.55,-0.2,3279.622,3265.682,3277.335,674665.57,644720.55,715903.4,0
2016-10-11,3296.87,3308.0,3306.56,3292.88,877131.62,12.69,0.39,3265.798,3262.345,3278.318,626781.0,635193.75,720714.74,0
2016-10-10,3265.36,3294.64,3293.87,3258.96,805192.62,40.59,1.25,3252.636,3257.429,3278.695,568275.77,600264.79,718254.06,0
2016-09-30,3240.18,3260.94,3253.28,3239.04,449780.22,8.89,0.27,3237.918,3254.354,3279.081,548141.63,578576.61,720468.04,0
2016-09-29,3234.86,3257.77,3244.39,3234.8,554525.56,13.5,0.42,3242.396,3252.899,3282.806,574173.56,604031.29,737764.43,0
2016-09-28,3243.65,3243.65,3230.89,3228.0,447274.97,-9.86,-0.3,3251.742,3254.493,3286.187,614775.53,615759.02,747901.15,0
2016-09-27,3214.87,3240.78,3240.75,3214.44,584605.5,20.47,0.64,3258.892,3257.664,3290.031,643606.5,693949.21,764055.57,0
2016-09-26,3267.69,3267.69,3220.28,3220.28,704521.88,-55.39,-1.69,3262.222,3265.393,3293.348,632253.81,718145.7,775590.64,0
2016-09-23,3292.28,3293.92,3275.67,3275.03,579939.88,-15.45,-0.47,3270.79,3277.321,3297.783,609011.6,719609.67,790659.12,0
2016-09-22,3281.47,3303.2,3291.12,3277.98,757535.44,24.48,0.75,3263.402,3283.836,3300.492,633889.02,764555.79,802257.84,0
2016-09-21,3257.71,3270.9,3266.64,3254.32,591429.81,9.24,0.28,3257.244,3288.987,3303.028,616742.51,787086.24,810843.33,0
2016-09-20,3264.66,3265.04,3257.4,3252.39,527842.06,-5.72,-0.17,3256.436,3294.291,3306.535,744291.93,806235.74,835247.34,0
2016-09-19,3242.74,3264.9,3263.12,3242.74,588310.81,24.39,0.75,3268.564,3299.962,3311.916,804037.59,836243.33,868836.0,0
2016-09-14,3245.74,3255.0,3238.73,3231.34,704327.0,-21.6,-0.66,3283.852,3303.808,3316.985,830207.74,862359.47,910610.54,0
2016-09-13,3265.34,3269.22,3260.33,3246.39,671802.88,-2.27,-0.07,3304.27,3312.714,3323.701,895222.55,871497.58,944818.04,0
2016-09-12,3271.87,3276.72,3262.6,3234.57,1229176.88,-55.44,-1.67,3320.73,3317.88,3329.596,957429.98,880043.28,1009422.76,0
2016-09-09,3339.37,3344.95,3318.04,3318.04,826570.38,-21.52,-0.64,3332.146,3322.398,3336.138,868179.55,834161.92,1058235.63,0
2016-09-08,3338.01,3343.4,3339.56,3328.23,719161.56,-1.26,-0.04,3331.36,3321.303,3334.947,868449.07,833035.58,1075034.14,0
2016-09-07,3344.07,3357.36,3340.82,3337.75,1029401.06,-1.81,-0.05,3323.764,3318.244,3329.637,894511.2,861708.57,1089596.67,0
2016-09-06,3322.02,3347.95,3342.63,3300.13,982840.0,22.95,0.69,3321.158,3317.148,3324.763,847772.6,839959.89,1083341.8,0
2016-09-05,3321.01,3338.42,3319.68,3314.63,782924.75,5.57,0.17,3315.03,3317.068,3320.481,802656.58,834600.41,1079732.43,0
2016-09-02,3298.72,3320.43,3314.11,3295.76,827918.0,12.53,0.38,3312.65,3318.779,3316.206,800144.29,864258.95,1083924.22,0
2016-09-01,3326.74,3329.35,3301.58,3301.21,849472.19,-26.21,-0.79,3311.246,3323.87,3310.756,797622.08,901428.66,1081126.5,0
2016-08-31,3310.57,3333.97,3327.79,3304.66,795708.06,15.8,0.48,3312.724,3330.161,3305.741,828905.94,958861.62,1075405.08,0
2016-08-30,3310.32,3325.12,3311.99,3304.6,757259.88,4.21,0.13,3313.138,3334.687,3299.027,832147.19,1018138.5,1072051.73,0
2016-08-29,3306.57,3315.08,3307.78,3297.07,770363.31,0.69,0.02,3319.106,3341.313,3292.88,866544.25,1138802.25,1065272.55,0
2016-08-26,3312.5,3328.95,3307.09,3301.74,815306.94,-1.88,-0.06,3324.908,3349.877,3286.332,928373.61,1282309.34,1070256.13,0
2016-08-25,3314.08,3315.08,3308.97,3279.81,1005891.5,-20.89,-0.63,3336.494,3348.591,3281.174,1005235.25,1317032.7,1073513.21,0
2016-08-24,3341.93,3348.13,3329.86,3323.73,811914.31,-11.97,-0.36,3347.598,3341.03,3276.782,1088817.3,1317484.76,1079608.61,0
2016-08-23,3332.62,3359.65,3341.83,3324.96,929245.19,5.04,0.15,3356.236,3332.378,3271.201,1204129.81,1326723.71,1119107.23,0
2016-08-22,3364.68,3372.83,3336.79,3335.47,1079510.12,-28.23,-0.84,3363.52,3323.893,3267.589,1411060.25,1324864.44,1113170.51,0
2016-08-19,3358.56,3374.05,3365.02,3341.19,1199615.12,0.53,0.02,3374.846,3313.632,3262.294,1636245.08,1303589.48,1094296.6,0
2016-08-18,3369.95,3394.79,3364.49,3349.69,1423801.75,-8.56,-0.25,3360.688,3297.641,3255.301,1628830.15,1260824.34,1077330.41,0
2016-08-17,3377.77,3394.39,3373.05,3356.92,1388476.88,-5.2,-0.15,3334.462,3281.321,3249.703,1546152.23,1191948.54,1049142.73,0
2016-08-16,3403.38,3418.69,3378.25,3372.02,1963897.38,-15.17,-0.45,3308.52,3263.367,3242.93,1449317.6,1125964.95,1016069.52,0
2016-08-15,3303.47,3417.91,3393.42,3302.38,2205434.25,99.19,3.01,3284.266,3244.447,3236.43,1238668.64,991742.85,962318.08,0
2016-08-12,3231.81,3294.23,3294.23,3231.14,1162540.5,60.87,1.88,3252.418,3222.786,3229.859,970933.89,858202.93,907202.62,0
2016-08-11,3239.56,3274.03,3233.36,3232.61,1010412.12,-9.98,-0.31,3234.594,3213.756,3228.962,892818.52,829993.71,900408.11,0
2016-08-10,3255.18,3261.86,3243.34,3242.75,904303.75,-13.64,-0.42,3228.18,3212.534,3231.132,837744.85,841732.46,903650.4,0
2016-08-09,3232.6,3257.33,3256.98,3229.17,910652.56,22.8,0.7,3218.214,3210.024,3233.109,802612.3,911490.75,946033.26,0
2016-08-08,3199.57,3234.48,3234.18,3187.25,866760.5,29.07,0.91,3204.628,3211.285,3233.919,744817.06,901476.58,986767.74,0
2016-08-05,3201.35,3224.87,3205.11,3192.86,771963.69,3.82,0.12,3193.154,3210.956,3232.376,745471.96,885003.72,1012694.47,0
2016-08-04,3190.55,3201.55,3201.29,3170.42,735043.75,7.78,0.24,3192.918,3212.961,3231.735,767168.9,893836.48,1018963.71,0
2016-08-03,3179.68,3197.16,3193.51,3173.54,728641.0,4.46,0.14,3196.888,3218.084,3232.168,845720.08,906336.93,1041509.12,0
2016-08-02,3173.76,3189.05,3189.05,3165.54,621676.38,12.24,0.39,3201.834,3222.494,3233.332,1020369.2,906174.08,1067525.81,0
2016-08-01,3196.43,3199.98,3176.81,3156.75,870035.0,-27.12,-0.85,3217.942,3228.412,3234.249,1058136.1,932893.31,1101555.44,0
2016-07-29,3217.19,3225.42,3203.93,3198.68,880448.38,-17.21,-0.53,3228.758,3236.933,3235.643,1024535.48,956202.32,1124708.95,0
2016-07-28,3204.46,3235.78,3221.14,3195.27,1127799.62,2.9,0.09,3233.004,3244.168,3233.156,1020504.05,970822.51,1116559.67,0
2016-07-27,3270.08,3276.51,3218.24,3157.41,1601886.62,-51.35,-1.57,3239.28,3249.73,3229.795,966953.78,965568.34,1100016.0,0
2016-07-26,3228.23,3269.75,3269.59,3228.01,810510.88,38.7,1.2,3243.154,3256.193,3226.453,791978.96,980575.77,1071783.5,0
2016-07-25,3220.17,3243.79,3230.89,3218.14,702031.88,5.73,0.18,3238.882,3256.552,3219.793,807650.51,1072058.89,1077270.28,0
2016-07-22,3251.24,3253.77,3225.16,3220.89,860291.25,-27.36,-0.84,3245.108,3253.796,3214.276,887869.16,1140385.22,1083802.31,0
2016-07-21,3238.34,3271.37,3252.52,3238.3,860048.25,14.91,0.46,3255.332,3250.508,3206.876,921140.96,1144090.95,1093183.85,0
2016-07-20,3246.86,3254.51,3237.61,3232.26,727012.56,-10.62,-0.33,3260.18,3246.251,3200.116,964182.91,1176681.32,1084057.31,0
2016-07-19,3260.43,3264.73,3248.23,3226.2,888868.62,-13.79,-0.42,3269.232,3244.17,3194.933,1169172.57,1228877.53,1080950.24,0
2016-07-18,3269.71,3281.64,3262.02,3251.77,1103125.12,-14.26,-0.43,3274.222,3240.085,3187.838,1336467.27,1270217.57,1080489.48,0
2016-07-15,3278.84,3285.03,3276.28,3265.29,1026650.25,-0.48,-0.01,3262.484,3234.353,3180.371,1392901.27,1293215.58,1057126.79,0
2016-07-14,3277.48,3281.95,3276.76,3259.07,1075258.0,-6.11,-0.19,3245.684,3222.145,3172.074,1367040.94,1262296.84,1048495.78,0
2016-07-13,3274.02,3300.99,3282.87,3271.78,1751960.88,9.69,0.3,3232.322,3209.861,3162.97,1389179.74,1234463.66,1036220.23,0
2016-07-12,3201.91,3273.47,3273.18,3200.3,1725342.12,69.85,2.18,3219.108,3196.713,3154.645,1288582.48,1162991.24,992318.81,0
2016-07-11,3199.04,3235.96,3203.33,3197.63,1385295.12,11.05,0.35,3205.948,3183.035,3144.785,1203967.86,1082481.66,939191.43,0
2016-07-08,3199.75,3204.93,3192.28,3183.96,897348.56,-17.67,-0.55,3206.222,3174.756,3137.936,1193529.89,1027219.41,916414.65,0
2016-07-07,3206.55,3220.54,3209.95,3190.12,1185952.0,-6.85,-0.21,3198.606,3163.244,3136.521,1157552.74,1042276.76,909693.11,0
2016-07-06,3197.62,3217.52,3216.8,3183.45,1248974.62,9.42,0.29,3187.4,3153.981,3134.876,1079747.57,991433.29,884859.67,0
2016-07-05,3199.16,3216.7,3207.38,3198.0,1302269.0,2.68,0.08,3174.318,3145.697,3132.976,1037399.99,933022.94,860757.81,0
2016-07-04,3136.39,3210.6,3204.7,3134.02,1333105.25,50.5,1.6,3160.122,3135.591,3132.073,960995.46,890761.39,846390.25,0
2016-07-01,3156.93,3170.26,3154.2,3148.29,717462.81,0.28,0.01,3143.29,3126.388,3130.193,860908.93,821038.01,822736.7,0
2016-06-30,3152.83,3163.72,3153.92,3148.2,796926.19,2.53,0.08,3127.882,3122.004,3130.511,927000.78,834694.71,843437.8,0
2016-06-29,3142.48,3158.08,3151.39,3139.13,1037236.69,14.99,0.48,3120.562,3116.079,3131.293,903119.01,837976.8,873023.05,0
2016-06-28,3107.4,3139.43,3136.4,3099.7,920246.38,15.86,0.51,3117.076,3112.577,3127.059,828645.9,821646.38,852710.51,0
2016-06-27,3065.13,3120.64,3120.54,3064.97,832672.56,43.38,1.41,3111.06,3106.535,3123.364,820527.31,795901.2,836932.56,0
2016-06-24,3110.65,3130.54,3077.16,3033.97,1047922.06,-40.16,-1.29,3109.486,3101.115,3120.547,781167.09,805609.89,825495.42,0
2016-06-23,3129.72,3129.72,3117.32,3102.48,677517.38,-16.64,-0.53,3116.126,3109.798,3119.651,742388.65,777109.46,801425.72,0
2016-06-22,3100.45,3134.06,3133.96,3096.99,664871.12,27.64,0.89,3111.596,3115.771,3116.963,772834.58,778286.04,796917.05,0
2016-06-21,3124.9,3155.49,3106.32,3097.94,879653.44,-6.35,-0.2,3108.078,3120.254,3114.625,814646.86,788492.68,793522.1,0
2016-06-20,3114.91,3118.73,3112.67,3089.71,635871.44,2.31,0.07,3102.01,3128.555,3113.221,771275.09,802019.11,777579.85,0
2016-06-17,3096.09,3131.05,3110.36,3096.09,854029.88,15.69,0.51,3092.744,3133.998,3110.712,830052.7,824435.39,776008.36,0
2016-06-16,3104.36,3112.48,3094.67,3089.48,829747.0,-21.7,-0.7,3103.47,3139.017,3108.596,811830.27,852180.89,774664.55,0
2016-06-15,3043.96,3128.67,3116.37,3042.23,873932.56,40.39,1.31,3119.946,3146.506,3108.163,783737.5,908069.31,765816.27,0
2016-06-14,3058.44,3078.75,3075.98,3055.66,662794.56,9.64,0.31,3132.43,3141.54,3107.111,762338.49,883774.63,751850.57,0
2016-06-13,3134.05,3145.61,3066.34,3065.77,929759.5,-97.65,-3.09,3155.1,3140.192,3107.059,832763.14,877963.92,750025.72,0
2016-06-08,3171.81,3174.97,3163.99,3148.35,762917.75,-13.06,-0.41,3175.252,3139.979,3108.249,818818.09,845380.96,742920.6,0
2016-06-07,3182.44,3186.62,3177.05,3168.18,689283.12,-1.74,-0.06,3174.564,3129.503,3104.189,892531.51,825741.98,745671.84,0
2016-06-06,3192.78,3197.22,3178.79,3168.55,766937.5,-10.54,-0.33,3173.066,3118.154,3098.793,1032401.11,815548.06,745632.66,0
2016-06-03,3172.95,3201.75,3189.33,3162.09,1014917.81,22.23,0.7,3150.65,3108.997,3093.134,1005210.77,798551.53,756901.02,0
2016-06-02,3158.03,3168.82,3167.1,3151.07,860034.25,6.55,0.21,3125.284,3097.886,3090.185,923164.71,753140.59,760495.25,0
2016-06-01,3172.96,3181.79,3160.55,3159.82,1131484.88,-9.01,-0.28,3104.706,3087.426,3092.526,871943.82,727581.33,754860.38,0
2016-05-31,3068.6,3170.93,3169.56,3068.6,1388631.12,102.85,3.35,3084.442,3078.175,3094.972,758952.45,697148.21,743717.33,0
2016-05-30,3056.31,3075.26,3066.71,3037.66,630985.81,4.21,0.14,3063.242,3069.821,3097.171,598695.0,623563.23,723368.2,0
2016-05-27,3059.73,3073.76,3062.5,3052.18,604687.5,-1.71,-0.06,3067.344,3072.681,3101.672,591892.28,619926.5,720833.79,0
2016-05-26,3056.6,3072.52,3064.21,3027.44,603929.81,4.98,0.16,3070.488,3073.925,3106.577,583116.46,622087.51,725534.75,0
2016-05-25,3079.75,3089.1,3059.23,3054.87,566528.0,-4.33,-0.14,3070.146,3076.518,3111.662,583218.84,640460.25,725340.34,0
2016-05-24,3083.24,3083.26,3063.56,3052.59,587343.88,-23.66,-0.77,3071.908,3078.876,3117.659,635343.98,665601.71,726524.3,0
2016-05-23,3078.52,3098.48,3087.22,3076.5,596972.19,9.0,0.29,3076.4,3079.431,3122.582,648431.45,675717.26,730916.78,0
2016-05-20,3047.78,3078.53,3078.22,3041.52,560808.44,15.72,0.51,3078.018,3077.271,3126.966,647960.73,715250.51,739607.42,0
2016-05-19,3060.34,3086.98,3062.5,3058.15,604441.69,-5.54,-0.18,3077.362,3082.484,3131.085,661058.55,767849.91,763943.32,0
2016-05-18,3071.53,3072.61,3068.04,3039.46,827153.69,-17.98,-0.58,3082.89,3097.626,3137.011,697701.66,782139.42,814825.17,0
2016-05-17,3095.52,3105.2,3086.02,3073.46,652781.25,-9.29,-0.3,3085.844,3111.768,3145.524,695859.44,790286.46,813903.2,0
2016-05-16,3064.53,3095.56,3095.31,3053.66,594618.56,20.37,0.66,3082.462,3124.52,3152.646,703003.06,823173.17,829809.18,0
2016-05-13,3081.68,3103.1,3074.94,3064.69,626297.56,-15.2,-0.49,3076.524,3130.664,3161.491,782540.3,821741.09,849982.01,0
2016-05-12,3059.38,3095.35,3090.14,3035.02,787657.25,7.33,0.24,3087.606,3139.228,3171.536,874641.26,828981.99,875245.8,0
2016-05-11,3080.64,3102.88,3082.81,3063.09,817942.56,13.7,0.45,3112.362,3146.806,3180.098,866577.18,810220.42,933669.87,0
2016-05-10,3055.21,3084.72,3069.11,3055.18,688499.38,3.49,0.11,3137.692,3156.441,3186.88,884713.48,787446.89,939207.46,0
2016-05-09,3115.43,3115.43,3065.62,3055.01,992304.75,-64.73,-2.07,3166.578,3165.733,3194.929,943343.28,786116.31,967388.84,0
2016-05-06,3213.14,3216.89,3130.35,3130.15,1086802.38,-83.57,-2.6,3184.804,3176.661,3200.935,860941.88,763964.33,968276.42,0
2016-05-05,3204.17,3217.28,3213.92,3196.57,747336.81,4.46,0.14,3190.85,3179.686,3204.882,783322.72,760036.74,970141.03,0
2016-05-04,3203.47,3222.88,3209.46,3198.29,908624.06,-4.08,-0.13,3181.25,3176.397,3207.062,753863.66,847510.92,992872.34,0
2016-05-03,3159.82,3218.49,3213.54,3151.4,981648.38,56.79,1.8,3175.19,3179.281,3209.813,690180.31,837519.95,1020465.02,0
2016-04-29,3153.54,3171.29,3156.75,3149.4,580297.75,-3.83,-0.12,3164.888,3180.772,3210.231,628889.34,836445.18,1030443.67,0
2016-04-28,3169.33,3174.77,3160.58,3135.64,698706.62,-5.34,-0.17,3168.518,3192.318,3213.298,666986.77,878222.94,1062204.82,0
2016-04-27,3181.93,3188.83,3165.92,3162.69,600041.5,-13.24,-0.42,3168.522,3203.843,3216.083,736750.75,921509.6,1086170.75,0
2016-04-26,3159.77,3181.1,3179.16,3150.4,590207.31,17.13,0.54,3171.544,3213.389,3214.558,941158.17,1057119.31,1104816.05,0
2016-04-25,3164.74,3172.27,3162.03,3137.11,675193.5,-12.87,-0.41,3183.372,3217.318,3214.086,984859.59,1090968.02,1127026.65,0
2016-04-22,3142.56,3175.38,3174.9,3137.99,770784.94,14.3,0.45,3196.656,3224.125,3215.876,1044001.03,1148661.38,1141964.64,0
2016-04-21,3160.8,3198.56,3160.6,3150.94,1047526.5,-20.43,-0.64,3216.118,3225.208,3216.223,1089459.1,1172588.51,1169990.96,0
2016-04-20,3244.14,3248.42,3181.03,3107.37,1622078.62,-57.27,-1.77,3239.164,3230.077,3219.998,1106268.45,1180245.32,1180454.27,0
2016-04-19,3243.97,3250.73,3238.3,3221.58,808714.38,9.85,0.3,3255.234,3237.727,3222.236,1173080.45,1138233.76,1179860.79,0
2016-04-18,3252.67,3252.67,3228.45,3221.66,970900.69,-43.76,-1.34,3251.264,3240.346,3222.793,1197076.45,1203410.1,1256059.81,0
2016-04-15,3279.86,3282.98,3272.21,3261.73,998075.31,-3.62,-0.11,3251.594,3239.69,3219.968,1253321.74,1224442.17,1306166.06,0
2016-04-14,3277.1,3286.07,3275.83,3252.05,1131573.25,14.45,0.44,3234.298,3234.278,3212.568,1255717.92,1246186.71,1317093.18,0
2016-04-13,3237.86,3296.52,3261.38,3237.86,1956138.62,42.93,1.33,3220.99,3228.323,3203.278,1254222.2,1250831.9,1322882.74,0
2016-04-12,3227.37,3232.26,3218.45,3198.9,928694.38,-11.65,-0.36,3220.22,3215.726,3193.947,1103387.07,1152512.79,1274231.78,0
2016-04-11,3213.51,3251.57,3230.1,3213.51,1252127.12,44.37,1.39,3229.428,3210.854,3186.31,1209743.75,1163085.28,1286351.39,0
2016-04-08,3189.85,3197.77,3185.73,3163.31,1010056.25,-23.56,-0.73,3227.786,3207.626,3175.719,1195562.6,1135267.9,1260411.82,0
2016-04-07,3266.29,3270.82,3209.29,3208.64,1124094.62,-48.24,-1.48,3234.258,3207.238,3167.09,1236655.5,1167393.4,1247945.1,0
2016-04-06,3250.52,3267.64,3257.53,3236.2,1201963.0,-6.96,-0.21,3235.656,3209.918,3160.221,1247441.6,1180663.23,1247473.5,0
2016-04-05,3211.3,3271.93,3264.49,3205.21,1460477.75,42.6,1.32,3211.232,3206.744,3152.727,1201638.5,1221487.83,1255493.22,0
2016-04-01,3213.67,3222.61,3221.89,3165.86,1181221.38,3.8,0.12,3192.28,3205.239,3144.745,1116426.81,1308709.52,1248700.35,0
2016-03-31,3229.2,3241.93,3218.09,3208.66,1215520.75,1.81,0.06,3187.466,3200.246,3138.345,1074973.2,1387889.95,1299225.54,0
2016-03-30,3161.29,3216.68,3216.28,3161.29,1178025.12,80.87,2.58,3180.218,3190.857,3130.362,1098131.3,1387999.65,1325002.38,0
2016-03-29,3171.31,3178.07,3135.41,3122.76,972947.5,-34.32,-1.08,3184.18,3178.232,3122.114,1113884.85,1394933.59,1354087.3,0
2016-03-28,3206.95,3229.62,3169.73,3161.88,1034419.31,-28.09,-0.88,3202.256,3172.169,3111.878,1241337.15,1395950.78,1363462.88,0
2016-03-25,3176.81,3204.44,3197.82,3174.32,973953.31,15.97,0.5,3218.198,3161.765,3097.265,1500992.24,1409617.5,1376412.42,0
2016-03-24,3211.5,3221.91,3181.85,3181.81,1331311.25,-54.24,-1.68,3213.026,3143.811,3084.775,1700806.7,1385555.73,1381189.62,0
2016-03-23,3217.73,3242.25,3236.09,3202.98,1256792.88,10.3,0.32,3201.496,3126.941,3071.62,1677868.0,1328496.81,1393538.93,0
2016-03-22,3231.61,3249.68,3225.79,3218.73,1610209.0,-23.65,-0.73,3172.284,3110.523,3065.294,1675982.32,1314283.77,1386590.62,0
2016-03-21,3203.29,3267.78,3249.44,3198.36,2332694.75,77.48,2.44,3142.082,3098.711,3058.472,1550564.41,1289498.61,1362363.86,0
2016-03-18,3136.22,3197.67,3171.96,3130.1,1973025.62,47.76,1.53,3105.332,3084.251,3051.944,1318242.76,1188691.17,1316202.6,0
2016-03-17,3096.81,3147.84,3124.2,3077.57,1216617.75,34.17,1.11,3074.596,3076.444,3045.925,1070304.76,1210561.13,1261220.33,0
2016-03-16,3068.87,3100.35,3090.03,3064.52,1247364.5,15.25,0.5,3052.386,3069.866,3042.4,979125.61,1262005.11,1262590.17,0
2016-03-15,3061.34,3077.08,3074.78,3028.58,983119.44,9.09,0.3,3048.762,3065.996,3041.065,952585.21,1313241.01,1264367.75,0
2016-03-14,3039.57,3106.8,3065.69,3034.0,1171086.5,47.41,1.57,3055.34,3051.587,3039.178,1028432.8,1330974.98,1271501.6,0
2016-03-11,2990.21,3026.44,3018.28,2982.17,733335.62,5.13,0.17,3063.17,3032.765,3033.229,1059139.58,1343207.35,1249406.99,0
2016-03-10,3056.21,3074.16,3013.15,3012.69,760722.0,-58.76,-1.91,3078.292,3025.74,3030.504,1350817.5,1376823.51,1251165.61,0
2016-03-09,3045.92,3072.92,3071.91,3020.13,1114662.5,-35.76,-1.15,3087.346,3016.3,3029.085,1544884.6,1458581.06,1259019.37,0
2016-03-08,3100.15,3109.25,3107.67,3001.83,1362357.38,2.83,0.09,3083.23,3020.064,3022.921,1673896.8,1458897.46,1241980.75,0
2016-03-07,3109.0,3130.9,3104.84,3083.58,1324620.38,10.95,0.35,3047.834,3018.233,3015.604,1633517.15,1435229.11,1218163.86,0
2016-03-04,3047.54,3101.66,3093.89,3032.42,2191725.25,35.47,1.16,3002.36,3019.636,3005.415,1627275.12,1443714.04,1195330.51,0
2016-03-03,3050.39,3078.44,3058.42,3040.25,1731057.5,7.09,0.23,2973.188,3015.406,2998.025,1402829.52,1311879.52,1142396.38,0
2016-03-02,2933.92,3054.72,3051.33,2933.12,1759723.5,120.64,4.12,2945.254,3014.934,2987.792,1372277.52,1263175.24,1105454.89,0
2016-03-01,2881.34,2950.44,2930.69,2863.32,1160459.12,53.22,1.85,2956.898,3016.133,2981.743,1243898.12,1215494.5,1083583.39,0
2016-02-29,2939.58,2939.87,2877.47,2821.21,1293410.25,-70.56,-2.39,2988.632,3026.768,2982.234,1236941.08,1212028.22,1089027.4,0
2016-02-26,2942.1,2964.39,2948.03,2902.95,1069497.25,29.28,1.0,3036.912,3033.692,2994.805,1260152.95,1155606.63,1065126.92,0
2016-02-25,3104.41,3104.44,2918.75,2905.46,1578297.5,-190.8,-6.14,3057.624,3035.268,3003.076,1220929.52,1125507.71,1056627.6,0
2016-02-24,3077.61,3109.55,3109.55,3055.25,1117826.5,20.19,0.65,3084.614,3041.869,3011.206,1154072.95,1059457.69,1033307.59,0
2016-02-23,3117.2,3119.22,3089.36,3061.43,1125673.88,-29.51,-0.95,3075.368,3025.778,3014.447,1187090.87,1025064.04,1042741.52,0
2016-02-22,3083.93,3128.21,3118.87,3071.33,1409469.62,67.28,2.21,3064.904,3012.975,3021.136,1187115.37,1001098.61,1050284.77,0
2016-02-19,3047.94,3065.97,3051.59,3032.63,873380.12,-2.11,-0.07,3030.472,2991.193,3021.729,1051060.31,946946.99,1030375.48,0
2016-02-18,3079.53,3093.51,3053.7,3049.84,1244014.62,-9.62,-0.31,3012.912,2980.643,3025.086,1030085.9,972913.24,1049007.36,0
2016-02-17,3034.09,3065.78,3063.32,3027.05,1282916.12,26.28,0.86,2999.124,2960.649,3033.48,964842.42,947734.54,1054075.47,0
2016-02-16,2962.19,3042.09,3037.04,2962.19,1125796.38,90.33,3.06,2976.188,2947.352,3038.107,863037.2,951672.29,1050262.91,0
2016-02-15,2888.43,2961.49,2946.71,2886.02,729194.31,-17.08,-0.58,2961.046,2937.699,3047.041,815081.85,966026.57,1058085.99,0
2016-02-05,2982.06,2988.36,2963.79,2962.85,768508.06,-20.97,-0.7,2951.914,2955.917,3059.328,842833.67,974647.2,1108945.47,0
2016-02-04,2960.33,2999.21,2984.76,2960.21,917797.25,36.12,1.23,2948.374,2970.884,3079.216,915740.59,987747.49,1163499.79,0
2016-02-03,2931.29,2954.71,2948.64,2909.9,773890.0,-12.69,-0.43,2922.174,2980.543,3094.697,930626.65,1007157.5,1139661.25,0
2016-02-02,2901.53,2972.43,2961.33,2901.51,886019.62,60.28,2.08,2918.516,3003.117,3124.256,1040307.37,1060419.0,1173949.83,0
2016-02-01,2939.04,2944.52,2901.05,2869.56,867953.44,-45.04,-1.53,2914.352,3029.297,3150.129,1116971.3,1099470.93,1210707.34,0
2016-01-29,2855.6,2965.31,2946.09,2854.37,1133042.62,92.33,3.23,2959.92,3052.265,3178.529,1106460.73,1113803.97,1224995.01,0
2016-01-28,2909.33,2941.89,2853.76,2841.84,992227.56,-76.59,-2.61,2993.394,3069.529,3217.775,1059754.39,1125101.48,1219279.65,0
2016-01-27,2953.18,2963.54,2930.35,2839.29,1322293.62,-10.16,-0.35,3038.912,3106.31,3263.346,1083688.35,1160416.4,1222483.25,0
2016-01-26,3099.6,3106.53,2940.51,2934.65,1269339.25,-188.38,-6.02,3087.718,3128.863,3304.922,1080530.63,1148853.54,1207311.35,0
2016-01-25,3129.03,3149.33,3128.89,3105.1,815400.62,15.43,0.5,3144.242,3156.383,3344.278,1081970.55,1150145.41,1220838.6,0
2016-01-22,3114.9,3132.17,3113.46,3053.96,899510.88,32.11,1.04,3144.61,3162.739,3379.743,1121147.2,1243243.74,1239880.58,0
2016-01-21,3136.38,3202.54,3081.35,3081.35,1111897.38,-93.03,-2.93,3145.664,3187.549,3415.541,1190448.58,1339252.1,1268495.73,0
2016-01-20,3204.22,3225.95,3174.38,3154.43,1306505.0,-48.75,-1.51,3173.708,3208.852,3454.792,1237144.45,1272165.01,1316409.44,0
2016-01-19,3132.7,3227.91,3223.13,3119.22,1276538.88,92.4,2.95,3170.008,3245.395,3489.91,1217176.45,1287480.66,1341236.02,0
2016-01-18,3068.23,3165.62,3130.73,3066.73,1011283.88,12.0,0.39,3168.524,3270.96,3522.051,1218320.28,1321943.76,1386126.71,0
2016-01-15,3200.89,3216.8,3118.73,3101.05,1246017.75,-102.84,-3.19,3180.868,3304.794,3553.91,1365340.28,1336186.04,1422295.51,0
2016-01-14,3076.64,3226.66,3221.57,3072.04,1345376.75,65.69,2.08,3229.434,3366.021,3585.768,1488055.63,1313457.82,1448956.66,0
2016-01-13,3240.48,3257.3,3155.88,3155.88,1206665.0,-59.83,-1.86,3243.996,3420.382,3608.962,1307185.56,1284550.1,1437359.18,0
2016-01-12,3214.82,3242.25,3215.71,3174.55,1282258.0,23.26,0.73,3320.782,3480.981,3635.887,1357784.86,1265769.15,1440266.79,0
2016-01-11,3303.12,3342.48,3192.45,3192.45,1746383.88,-169.11,-5.03,3373.396,3532.173,3660.668,1425567.23,1291531.79,1452038.45,0
2016-01-08,3371.87,3418.85,3361.56,3237.93,1859594.5,67.18,2.04,3428.72,3596.748,3681.448,1307031.81,1236517.42,1419880.5,0
2016-01-07,3481.15,3481.15,3294.38,3284.74,441026.41,-245.43,-6.93,3502.608,3643.532,3694.524,1138860.02,1197739.37,1387008.58,0
2016-01-06,3482.41,3543.74,3539.81,3468.47,1459661.5,61.03,1.75,3596.768,3700.732,3711.602,1261914.64,1360653.88,1421619.97,0
2016-01-05,3382.18,3518.22,3478.78,3377.28,1621169.88,9.71,0.28,3641.18,3734.424,3715.763,1173753.45,1394991.39,1411527.44,0
2016-01-04,3725.86,3726.24,3469.07,3468.95,1153706.75,-261.93,-7.02,3690.95,3773.142,3726.204,1157496.35,1450309.67,1387410.52,0
2015-12-31,3760.9,3772.62,3731.0,3727.32,1018735.56,-34.18,-0.91,3764.776,3803.026,3736.63,1166003.02,1508404.97,1405324.95,0
2015-12-30,3762.91,3765.66,3765.18,3726.28,1056299.5,3.31,0.09,3784.456,3805.515,3737.545,1256618.71,1584455.49,1453269.23,0
2015-12-29,3723.05,3762.05,3761.87,3710.48,1018855.56,34.24,0.92,3804.696,3797.541,3735.384,1459393.11,1590168.27,1507223.7,0
2015-12-28,3847.53,3853.39,3727.63,3727.63,1539884.38,-110.57,-2.88,3827.668,3790.793,3726.875,1616229.32,1614764.42,1524549.19,0
2015-12-25,3832.08,3848.02,3838.2,3813.2,1196240.12,8.8,0.23,3855.334,3789.162,3718.814,1743123.0,1612545.11,1534155.56,0
2015-12-24,3858.13,3867.68,3829.4,3787.08,1471814.0,-36.98,-0.96,3841.276,3766.148,3704.754,1850806.92,1603243.57,1578813.23,0
2015-12-23,3877.87,3926.69,3866.38,3862.96,2070171.5,-10.35,-0.27,3826.574,3745.516,3701.255,1912292.27,1576277.8,1591985.26,0
2015-12-22,3872.1,3880.47,3876.73,3841.59,1803036.62,10.77,0.28,3790.386,3722.472,3697.017,1720943.42,1482586.07,1564449.16,0
2015-12-21,3762.1,3877.82,3865.96,3759.99,2174352.75,98.05,2.6,3753.918,3697.101,3690.875,1613299.52,1428063.5,1545988.97,0
2015-12-18,3754.96,3810.22,3767.91,3750.93,1734659.75,12.02,0.32,3722.99,3679.266,3685.243,1481967.22,1324511.38,1525084.74,0
2015-12-17,3712.78,3768.84,3755.89,3709.85,1779240.75,70.45,1.91,3691.02,3670.234,3685.567,1355680.22,1302244.93,1531827.59,0
2015-12-16,3703.95,3713.09,3685.44,3677.45,1113427.25,-8.95,-0.24,3664.458,3669.575,3686.521,1240263.32,1322082.98,1520181.55,0
2015-12-15,3707.73,3717.36,3694.39,3679.23,1264817.12,-16.93,-0.46,3654.558,3673.226,3688.028,1244228.72,1424279.13,1557354.94,0
2015-12-14,3573.88,3712.5,3711.32,3571.0,1517691.25,103.26,2.86,3640.284,3662.957,3691.228,1242827.48,1434333.96,1618380.62,0
2015-12-11,3605.37,3630.74,3608.06,3578.15,1103224.75,-15.02,-0.41,3635.542,3648.466,3693.868,1167055.53,1455766.0,1623341.51,0
2015-12-10,3634.37,3678.32,3623.08,3615.99,1202156.25,-12.86,-0.35,3649.448,3643.359,3700.778,1248809.63,1554382.89,1669925.21,0
2015-12-09,3613.42,3655.16,3635.94,3611.49,1133254.25,12.92,0.36,3674.692,3656.994,3709.39,1403902.63,1607692.72,1718586.23,0
2015-12-08,3668.84,3668.84,3623.02,3619.44,1257810.88,-64.59,-1.75,3691.894,3671.561,3719.275,1604329.53,1646312.24,1778040.66,0
2015-12-07,3681.58,3699.34,3687.61,3658.58,1138831.5,10.02,0.27,3685.63,3684.648,3729.786,1625840.45,1663914.44,1858409.92,0
2015-12-04,3719.73,3726.12,3677.59,3667.29,1511995.25,-71.71,-1.91,3661.39,3691.221,3737.423,1744476.47,1725658.1,1979870.76,0
2015-12-03,3709.55,3758.45,3749.3,3693.14,1977621.25,27.35,0.73,3637.27,3700.9,3743.212,1859956.15,1761410.26,2053647.53,0
2015-12-02,3587.76,3725.85,3721.95,3573.4,2135388.75,130.25,3.63,3639.296,3703.467,3741.045,1811482.82,1718280.12,2153789.76,0
2015-12-01,3562.32,3617.31,3591.7,3536.12,1365365.5,25.29,0.71,3651.228,3702.83,3736.375,1688294.95,1690430.75,2149732.25,0
2015-11-30,3554.89,3587.97,3566.41,3455.07,1732011.62,9.42,0.27,3683.666,3719.499,3730.064,1701988.42,1802427.28,2132164.91,0
2015-11-27,3739.1,3742.74,3556.99,3534.39,2089393.62,-202.44,-5.38,3721.052,3739.271,3725.542,1706839.72,1790917.01,2110565.61,0
2015-11-26,3795.25,3805.84,3759.43,3756.82,1735254.62,-22.18,-0.59,3764.53,3758.196,3724.397,1662864.38,1785467.54,2075666.89,0
2015-11-25,3747.76,3781.86,3781.61,3735.72,1519449.38,27.72,0.74,3767.638,3761.785,3713.091,1625077.43,1829479.73,2052409.38,0
2015-11-24,3745.76,3754.17,3753.89,3702.74,1433832.88,0.55,0.01,3754.432,3766.989,3700.256,1692566.55,1909769.09,2061925.46,0
2015-11-23,3774.44,3802.85,3753.34,3743.41,1756268.12,-21.04,-0.56,3755.332,3774.924,3692.206,1902866.13,2052905.4,2086261.89,0
2015-11-20,3778.88,3793.54,3774.38,3757.03,1869516.88,-0.59,-0.02,3757.49,3783.625,3684.002,1874994.3,2234083.41,2100572.91,0
2015-11-19,3725.62,3775.23,3774.97,3714.67,1546319.88,59.39,1.6,3751.862,3785.524,3673.845,1908070.7,2345884.8,2106244.31,0
2015-11-18,3760.46,3771.85,3715.58,3706.31,1856895.0,-42.81,-1.14,3755.932,3778.624,3661.322,2033882.03,2589299.39,2121081.1,0
2015-11-17,3790.43,3852.77,3758.39,3750.16,2485330.75,-5.74,-0.15,3779.546,3769.92,3649.206,2126971.63,2609033.75,2169274.37,0
2015-11-16,3682.73,3764.41,3764.13,3680.07,1616909.0,17.89,0.48,3794.516,3740.63,3640.171,2202944.68,2461902.55,2134520.39,0
2015-11-13,3756.2,3793.71,3746.24,3727.58,2034898.88,-49.08,-1.29,3809.76,3711.813,3628.674,2593172.53,2430214.21,2157478.32,0
2015-11-12,3841.74,3843.9,3795.32,3771.27,2175376.5,-38.33,-1.0,3819.186,3690.597,3618.065,2783698.9,2365866.24,2160215.73,0
2015-11-11,3828.45,3843.11,3833.65,3781.41,2322343.0,0.41,0.01,3801.316,3664.396,3602.641,3144716.75,2275339.04,2137026.05,0
2015-11-10,3806.67,3876.49,3833.24,3798.82,2865196.0,-7.11,-0.18,3760.294,3633.523,3581.263,3091095.87,2214081.84,2096995.87,0
2015-11-09,3796.38,3891.77,3840.35,3796.38,3568048.25,46.98,1.24,3686.744,3609.487,3561.853,2720860.42,2119618.37,2026452.97,0
2015-11-06,3698.34,3801.71,3793.37,3694.66,2987530.75,87.4,2.36,3613.866,3584.378,3542.221,2267255.9,1967062.41,1958750.79,0
2015-11-05,3630.78,3781.41,3705.97,3627.3,3980465.75,77.43,2.13,3562.008,3562.165,3519.558,1948033.57,1866603.81,1871550.51,0
2015-11-04,3477.16,3628.54,3628.54,3477.16,2054238.62,163.05,4.71,3527.476,3544.021,3499.083,1405961.32,1652862.81,1738568.1,0
2015-11-03,3484.72,3501.7,3465.49,3452.62,1014018.75,-10.47,-0.3,3506.752,3528.492,3477.804,1337067.8,1729515.0,1675135.84,0
2015-11-02,3489.23,3543.45,3475.96,3474.71,1300025.62,-58.12,-1.65,3532.23,3539.713,3463.472,1518376.32,1807138.24,1668010.22,0
2015-10-30,3530.22,3574.47,3534.08,3497.57,1391419.12,0.77,0.02,3554.89,3545.535,3451.812,1666868.92,1884742.42,1640118.67,0
2015-10-29,3539.98,3561.81,3533.31,3507.97,1270104.5,8.39,0.24,3562.322,3545.534,3436.705,1785174.05,1954565.22,1631257.36,0
2015-10-28,3575.8,3598.17,3524.92,3517.21,1709771.0,-67.96,-1.89,3560.566,3540.885,3424.29,1899764.3,1998713.07,1618757.75,0
2015-10-27,3569.45,3601.05,3592.88,3486.1,1920561.38,3.62,0.1,3550.232,3529.004,3411.195,2121962.2,1979909.91,1594854.92,0
2015-10-26,3614.7,3620.76,3589.26,3561.19,2042488.62,18.02,0.51,3547.196,3514.22,3398.503,2095900.15,1933287.56,1571937.84,0
2015-10-23,3536.84,3581.84,3571.24,3515.82,1982944.75,46.71,1.32,3536.18,3500.063,3384.452,2102615.92,1950439.18,1531207.74,0
2015-10-22,3453.2,3530.77,3524.53,3442.31,1843055.75,51.28,1.48,3528.746,3476.951,3368.453,2123956.4,1876497.2,1485512.24,0
2015-10-21,3580.84,3601.24,3473.25,3417.41,2820760.5,-104.45,-2.92,3521.204,3454.146,3354.077,2097661.85,1824273.39,1478060.39,0
2015-10-20,3527.88,3577.8,3577.7,3510.44,1790251.12,43.52,1.23,3507.776,3427.116,3345.877,1837857.62,1620756.69,1416877.37,0
2015-10-19,3548.95,3572.99,3534.18,3502.5,2076067.5,0.11,0.0,3481.244,3387.231,3324.603,1770674.98,1528882.21,1399142.63,0
2015-10-16,3508.52,3537.54,3534.07,3487.1,2089647.12,47.25,1.35,3463.946,3358.088,3311.951,1798262.43,1395494.93,1398067.88,0
2015-10-15,3403.39,3486.82,3486.82,3402.32,1711583.0,80.71,2.37,3425.156,3327.876,3302.607,1629038.0,1307949.49,1347859.28,0
2015-10-14,3431.14,3458.7,3406.11,3403.23,1521739.38,-38.93,-1.13,3387.088,3307.694,3296.144,1550884.93,1238802.43,1334721.62,0
2015-10-13,3422.48,3452.05,3445.04,3413.97,1454337.88,-2.65,-0.08,3346.456,3293.386,3295.804,1403655.75,1209799.93,1368868.36,0
2015-10-12,3351.14,3486.63,3447.69,3347.25,2214004.75,107.57,3.22,3293.218,3282.785,3290.253,1287089.44,1210588.13,1373451.28,0
2015-10-09,3302.36,3352.38,3340.12,3293.97,1243525.0,43.64,1.32,3252.23,3268.841,3280.393,992727.42,1111976.31,1364863.26,0
2015-10-08,3324.98,3337.33,3296.48,3294.6,1320817.62,93.53,2.92,3230.596,3259.956,3281.678,986860.97,1094527.29,1476581.71,0
2015-09-30,3195.9,3223.91,3202.95,3186.77,785593.5,24.1,0.76,3228.3,3254.008,3284.958,926719.93,1131847.4,1586770.09,0
2015-09-29,3197.22,3208.42,3178.85,3159.04,871506.31,-63.9,-1.97,3240.316,3264.638,3293.138,1015944.1,1212998.05,1687615.61,0
2015-09-28,3226.61,3246.55,3242.75,3186.51,742194.69,10.8,0.33,3272.352,3261.976,3301.31,1134086.82,1269403.06,1793789.51,0
2015-09-25,3272.67,3290.86,3231.95,3201.91,1214192.75,-53.05,-1.61,3285.452,3265.814,3299.455,1231225.2,1400640.84,1890327.24,0
2015-09-24,3278.9,3300.86,3285.0,3255.9,1020112.38,21.97,0.67,3289.316,3277.338,3289.142,1202193.6,1387769.08,1983752.91,0
2015-09-23,3290.07,3315.94,3263.03,3253.33,1231714.38,-76.0,-2.28,3279.716,3284.594,3277.038,1336974.88,1430640.81,2070787.94,0
2015-09-22,3312.37,3371.41,3339.03,3303.18,1462219.88,30.78,0.93,3288.96,3298.222,3277.663,1410052.0,1527936.8,2136920.55,0
2015-09-21,3222.6,3312.55,3308.25,3211.93,1227886.62,56.98,1.75,3251.6,3297.721,3290.189,1404719.3,1536314.44,2172802.76,0
2015-09-18,3254.44,3280.88,3251.27,3227.83,1069034.75,14.27,0.44,3246.176,3291.945,3312.849,1570056.48,1617750.2,2217492.41,0
2015-09-17,3287.66,3354.91,3237.0,3237.0,1694018.75,-72.25,-2.18,3265.36,3303.401,3344.592,1573344.55,1858636.13,2298565.6,0
2015-09-16,3149.16,3345.92,3309.25,3131.37,1597100.0,157.02,4.98,3289.472,3315.909,3374.013,1524306.75,2041692.78,2373805.2,0
2015-09-15,3208.74,3240.08,3152.23,3131.98,1435556.38,-128.9,-3.93,3307.484,3321.638,3412.444,1645821.6,2162233.17,2422420.03,0
2015-09-14,3367.64,3373.92,3281.13,3187.57,2054572.5,-66.06,-1.97,3343.842,3340.644,3458.509,1667909.57,2318175.96,2477338.71,0
2015-09-11,3349.88,3383.13,3347.19,3315.48,1085475.12,-10.37,-0.31,3337.714,3333.095,3498.226,1665443.92,2380013.64,2496028.57,0
2015-09-10,3349.28,3398.32,3357.56,3337.31,1448829.75,-41.75,-1.23,3341.442,3300.945,3531.673,2143927.7,2579736.75,2569327.91,0
2015-09-09,3344.82,3426.65,3399.31,3330.29,2204674.25,65.29,1.96,3342.346,3269.482,3567.128,2559078.8,2710935.08,2657903.53,0
2015-09-08,3221.79,3340.22,3334.02,3170.81,1545996.25,83.53,2.57,3335.792,3257.104,3601.38,2678644.75,2745904.3,2701060.09,0
2015-09-07,3347.29,3422.22,3250.49,3240.24,2042244.25,-115.34,-3.43,3337.446,3282.656,3630.027,2968442.35,2809291.08,2715434.85,0
2015-09-02,3220.85,3387.02,3365.83,3213.64,3477894.0,3.75,0.11,3328.476,3333.752,3659.095,3094583.35,2817234.63,2686961.99,0
2015-09-01,3296.53,3370.5,3362.08,3190.58,3524585.25,-4.46,-0.13,3260.448,3385.783,3684.148,3015545.8,2738495.08,2613309.42,0
2015-08-31,3307.4,3368.28,3366.54,3205.54,2802504.0,24.25,0.73,3196.618,3432.116,3713.452,2862791.35,2705917.63,2547198.44,0
2015-08-28,3246.24,3353.24,3342.29,3223.62,2994984.25,136.65,4.26,3178.416,3503.249,3736.587,2813163.85,2682606.88,2529975.75,0
2015-08-27,3092.81,3206.72,3205.64,3028.4,2672949.25,179.95,5.95,3227.866,3576.374,3760.308,2650139.8,2636501.45,2491414.92,0
2015-08-26,3062.57,3192.93,3025.69,2952.01,3082706.25,-17.24,-0.57,3339.028,3663.356,3790.796,2539885.9,2612043.5,2493541.8,0
2015-08-25,3070.01,3200.11,3042.93,3019.56,2760813.0,-232.6,-7.1,3511.118,3762.4,3836.031,2461444.35,2558919.08,2477892.91,0
2015-08-24,3454.6,3468.15,3275.53,3266.55,2554366.5,-314.01,-8.75,3667.614,3864.774,3874.439,2549043.9,2604871.98,2531615.88,0
2015-08-21,3714.29,3757.78,3589.54,3578.17,2179864.0,-171.91,-4.57,3828.082,3945.657,3901.598,2552049.9,2656215.88,2586424.8,0
2015-08-20,3848.4,3880.82,3761.45,3761.45,2121679.75,-124.69,-3.21,3924.882,3977.397,3930.935,2622863.1,2621578.63,2673454.29,0
2015-08-19,3748.27,3898.74,3886.14,3668.19,2690498.5,60.73,1.59,3987.684,3984.437,3955.403,2684201.1,2556689.35,2744606.18,0
2015-08-18,4084.31,4103.05,3825.41,3816.55,3198810.75,-252.46,-6.19,4013.682,3982.513,3968.955,2656393.8,2488123.78,2769554.25,0
2015-08-17,4058.11,4081.77,4077.87,4009.99,2569396.5,4.33,0.11,4061.934,3994.788,3985.984,2660700.05,2388479.25,2768801.19,0
2015-08-14,4097.92,4113.16,4073.54,4056.73,2533930.0,-1.92,-0.05,4063.232,3969.925,3990.121,2760381.85,2377344.63,2816668.1,0
2015-08-13,4010.01,4075.7,4075.46,3967.82,2428369.75,59.33,1.48,4029.912,3944.241,3994.019,2620294.15,2346328.4,2855525.16,0
2015-08-12,4025.67,4078.03,4016.13,4015.35,2551462.0,-50.54,-1.24,3981.19,3918.236,3990.114,2429177.6,2375040.1,2899372.35,0
2015-08-11,4083.59,4110.13,4066.67,4042.0,3220342.0,-17.69,-0.43,3951.344,3909.661,3987.646,2319853.75,2396866.75,2982777.43,0
2015-08-10,3947.47,4101.73,4084.36,3932.84,3067805.5,177.42,4.54,3927.642,3884.103,3989.92,2116258.45,2458359.78,3048971.33,0
2015-08-07,3866.43,3926.65,3906.94,3857.91,1833491.5,75.09,1.96,3876.618,3857.54,3996.292,1994307.4,2516633.73,3146627.15,0
2015-08-06,3802.93,3888.69,3831.85,3793.24,1472787.0,-35.05,-0.91,3858.57,3884.474,4006.273,2072362.65,2725329.95,3305303.48,0
2015-08-05,3937.62,3962.28,3866.9,3858.66,2004842.75,-81.26,-2.06,3855.282,3926.37,4009.563,2320902.6,2932523.0,3483599.43,0
2015-08-04,3827.37,3948.45,3948.16,3801.03,2202365.5,118.92,3.11,3867.978,3955.396,3999.37,2473879.75,3050984.73,3674090.84,0
2015-08-03,3766.07,3829.24,3829.24,3742.58,2458050.25,12.54,0.33,3840.564,3977.181,3998.362,2800461.1,3149123.13,3903665.06,0
2015-07-31,3777.15,3863.62,3816.7,3757.99,2223767.75,1.29,0.03,3838.462,4010.318,4006.826,3038960.05,3255991.58,4104809.83,0
2015-07-30,3915.78,3968.53,3815.41,3802.88,2715486.75,-114.97,-2.92,3910.378,4043.798,4010.287,3378297.25,3364721.93,4208271.86,0
2015-07-29,3839.96,3934.0,3930.38,3769.19,2769728.5,119.29,3.13,3997.458,4061.993,4024.917,3544143.4,3423704.6,4301028.63,0
2015-07-28,3690.97,3883.45,3811.09,3627.42,3835272.25,-7.64,-0.2,4042.814,4065.631,4041.049,3628089.7,3568688.1,4378402.9,0
2015-07-27,4097.8,4156.31,3818.73,3817.17,3650545.0,-357.55,-8.56,4113.798,4095.737,4074.145,3497785.15,3639582.88,4450161.94,0
2015-07-24,4255.2,4299.65,4176.28,4154.62,3920453.75,-74.53,-1.75,4182.174,4135.045,4092.786,3473023.1,3776620.58,4530465.94,0
2015-07-23,4158.93,4262.06,4250.81,4148.82,3544717.5,93.65,2.25,4177.218,4128.073,4100.781,3351146.6,3885277.0,4557763.15,0
2015-07-22,4148.56,4187.43,4157.16,4094.71,3189460.0,-8.85,-0.21,4126.528,4092.755,4123.567,3303265.8,4034675.85,4603595.28,0
2015-07-21,4109.76,4201.48,4166.01,4081.7,3183749.5,5.4,0.13,4088.448,4043.343,4159.715,3509286.5,4297196.95,4661441.63,0
2015-07-20,4157.06,4221.69,4160.61,4106.39,3526734.75,9.11,0.22,4077.676,4019.542,4190.719,3781380.6,4658207.0,4684798.13,0
2015-07-17,4023.76,4190.19,4151.5,4000.23,3311071.25,154.14,3.86,4087.916,4003.335,4214.541,4080218.05,4953628.08,4687513.76,0
2015-07-16,3949.64,4067.02,3997.36,3856.32,3305313.5,30.6,0.77,4078.928,3976.777,4253.494,4419407.4,5051821.8,4704158.11,0
2015-07-15,4068.88,4114.24,3966.76,3899.51,4219563.5,-145.39,-3.54,4058.982,3987.841,4310.567,4766085.9,5178352.65,4737454.53,0
2015-07-14,4178.63,4258.51,4112.15,4062.5,4544220.0,-99.66,-2.37,3998.238,4016.467,4365.47,5085107.4,5188117.7,4732314.18,0
2015-07-13,4132.23,4278.16,4211.81,4072.43,5020922.0,105.25,2.56,3961.408,4052.552,4420.921,5535033.4,5260741.0,4742976.03,0
2015-07-10,3916.27,4179.11,4106.56,3887.55,5007018.0,208.93,5.36,3918.754,4050.526,4477.086,5827038.1,5284311.3,4706995.63,0
2015-07-09,3621.68,3930.26,3897.63,3537.83,5038706.0,234.59,6.4,3874.626,4073.489,4537.088,5684236.2,5230249.3,4652814.1,0
2015-07-08,3651.06,3762.62,3663.04,3612.25,5814671.0,-264.96,-6.75,3916.7,4154.378,4607.662,5590619.4,5172514.7,4621961.65,0
2015-07-07,3877.85,3960.64,3928.0,3743.62,6793850.0,-70.54,-1.76,4034.696,4276.087,4690.383,5291128.0,5025686.3,4616441.72,0
2015-07-06,4218.27,4218.27,3998.54,3832.47,6480945.5,112.62,2.9,4143.696,4361.896,4761.67,4986448.6,4711389.25,4595405.85,0
2015-07-03,4017.2,4164.63,3885.92,3785.9,4293008.5,-222.08,-5.41,4182.298,4425.747,4823.271,4741584.5,4421399.45,4544339.18,0
2015-07-02,4287.73,4312.19,4108.0,4000.06,4570622.0,-145.02,-3.41,4272.352,4530.21,4888.046,4776262.4,4356494.43,4571072.38,0
2015-07-01,4408.98,4526.13,4253.02,4235.7,4317214.0,-219.98,-4.92,4392.056,4633.293,4939.825,4754410.0,4296556.4,4549670.41,0
2015-06-30,4161.07,4475.77,4473.0,4016.01,5270453.0,281.45,6.71,4517.478,4714.473,4985.268,4760244.6,4276510.65,4540296.31,0
2015-06-29,4446.84,4451.17,4191.55,4000.93,5256625.0,-144.64,-3.34,4580.096,4789.29,5015.427,4436329.9,4225211.05,4485525.54,0
2015-06-26,4573.87,4650.19,4336.19,4278.68,4466398.0,-370.33,-7.87,4669.196,4903.646,5047.891,4101214.4,4129679.95,4436633.71,0
2015-06-25,4906.24,4919.26,4706.52,4667.22,4461360.0,-173.61,-3.56,4788.068,5000.686,5072.781,3936726.45,4075378.9,4499228.34,0
2015-06-24,4811.59,4883.73,4880.13,4744.31,4346387.0,94.04,1.97,4874.53,5060.945,5096.527,3838702.8,4071408.6,4511559.71,0
2015-06-23,4641.42,4786.96,4786.09,4455.33,3650879.5,149.04,3.21,4911.468,5104.679,5112.467,3792776.7,4207197.15,4538215.04,0
2015-06-19,4847.06,4910.45,4637.05,4634.69,3581047.5,-293.5,-5.95,4998.483,5161.445,5128.137,4014092.2,4479422.45,4588539.36,0
2015-06-18,5107.69,5121.22,4930.55,4926.43,3643958.25,-208.28,-4.05,5138.096,5220.795,5143.851,4158145.5,4667278.9,4637410.34,0
2015-06-17,5072.31,5158.37,5138.83,4949.29,3971241.75,74.01,1.46,5213.304,5245.881,5139.372,4214031.35,4785650.33,4607739.69,0
2015-06-16,5165.02,5204.3,5064.82,5015.26,4116756.5,-156.35,-3.0,5247.361,5246.357,5120.177,4304114.4,4802784.43,4590767.97,0
2015-06-15,5354.014,5362.452,5221.167,5207.308,4757457.0,-113.948,-2.14,5297.889,5256.062,5103.497,4621617.6,4804081.97,4542323.13,0
2015-06-12,5329.278,5351.648,5335.115,5283.086,4301314.0,28.525,0.54,5324.406,5241.564,5071.196,4944752.7,4745840.03,4439040.53,0
2015-06-11,5305.141,5329.295,5306.59,5248.163,3923387.5,-2.522,-0.05,5303.493,5192.135,5035.313,5176412.3,4743587.47,4388190.41,0
2015-06-10,5254.304,5374.83,5309.112,5209.68,4421657.0,-8.349,-0.16,5278.458,5144.877,5005.023,5357269.3,4923077.78,4360883.61,0
2015-06-09,5379.47,5380.426,5317.461,5251.208,5704272.5,-36.29,-0.68,5245.354,5132.109,4975.489,5301454.45,4951710.83,4325165.97,0
2015-06-08,5259.408,5370.609,5353.751,5202.595,6373132.5,123.199,2.35,5214.236,5120.255,4946.987,4986546.35,4869232.93,4228479.3,0
2015-06-05,5254.905,5288.34,5230.552,5104.178,5459612.0,49.136,0.95,5158.721,5094.829,4913.826,4546927.35,4697656.28,4096741.89,0
2015-06-04,5156.012,5194.233,5181.416,4863.465,4827672.5,37.826,0.73,5080.777,5066.907,4880.219,4310762.65,4607541.78,3974965.28,0
2015-06-03,5176.597,5186.967,5143.59,5059.495,4142582.75,-18.28,-0.35,5011.295,5032.863,4844.652,4488886.25,4429829.05,3882461.25,0
2015-06-02,5091.272,5162.556,5161.87,5047.081,4129732.0,85.691,1.69,5018.864,4993.996,4815.139,4601967.2,4378751.53,3863368.96,0
2015-06-01,4862.756,5079.319,5076.179,4835.774,4175037.5,235.35,4.86,5026.273,4950.931,4786.887,4751919.5,4280564.28,3887092.19,0
2015-05-29,4839.53,4924.303,4840.829,4665.521,4278788.5,6.822,0.14,5030.937,4900.828,4772.466,4848385.2,4132241.03,3867262.24,0
2015-05-28,5174.101,5213.183,4834.007,4831.329,5718290.5,-347.427,-6.71,5053.038,4878.492,4767.918,4904320.9,4032793.35,3853186.54,0
2015-05-27,5216.17,5226.844,5181.434,5126.861,4707987.5,-17.484,-0.34,5054.432,4865.169,4764.934,4370771.85,3798689.45,3764800.5,0
2015-05-26,5140.798,5199.295,5198.918,5063.146,4879493.5,99.423,1.95,4969.129,4818.869,4742.956,4155535.85,3698621.13,3833720.4,0
2015-05-25,4949.11,5099.839,5099.495,4949.11,4657366.0,148.16,2.99,4875.589,4773.719,4723.389,3809209.05,3587725.68,3846284.0,0
2015-05-22,4895.925,4951.991,4951.335,4870.598,4558467.0,110.359,2.28,4770.718,4732.823,4703.547,3416096.85,3495827.5,3853492.18,0
2015-05-21,4768.689,4841.615,4840.976,4746.029,3050545.25,86.057,1.81,4703.945,4693.53,4693.025,3161265.8,3342388.78,3874284.3,0
2015-05-20,4751.572,4843.1,4754.919,4745.21,3631807.5,23.697,0.5,4675.906,4656.441,4687.966,3226607.05,3335093.45,3979863.94,0
2015-05-19,4577.637,4740.005,4731.222,4577.637,3147859.5,156.082,3.41,4668.609,4636.282,4681.179,3241706.4,3347986.4,4043431.06,0
2015-05-18,4582.058,4623.383,4575.14,4565.061,2691805.0,-42.33,-0.92,4671.849,4622.843,4670.714,3366242.3,3493620.1,4229257.64,0
2015-05-15,4690.755,4690.755,4617.47,4592.05,3284311.75,-83.308,-1.77,4694.927,4644.103,4671.763,3575558.15,3602283.45,4371068.71,0
2015-05-14,4717.955,4735.284,4700.778,4670.168,3377251.5,-17.658,-0.37,4683.114,4657.345,4666.567,3523511.75,3673579.73,4418155.0,0
2015-05-13,4746.713,4758.002,4718.436,4678.845,3707304.25,-28.985,-0.61,4636.976,4664.7,4650.554,3443579.85,3730911.55,4485369.5,0
2015-05-12,4692.122,4748.004,4747.421,4660.016,3770539.0,56.889,1.21,4603.955,4667.042,4636.541,3454266.4,3968819.68,4517220.36,0
2015-05-11,4582.091,4690.954,4690.532,4535.149,3738384.25,132.128,2.9,4573.838,4673.059,4620.224,3620997.9,4104842.33,4545769.94,0
2015-05-08,4515.554,4559.058,4558.404,4445.592,3024079.75,88.315,1.98,4593.28,4674.27,4602.918,3629008.75,4211156.85,4532945.81,0
2015-05-07,4520.818,4546.338,4470.089,4467.459,2977592.0,-83.238,-1.83,4631.576,4692.519,4588.105,3823647.7,4406179.83,4601591.78,0
2015-05-06,4626.231,4700.909,4553.327,4511.761,3760737.0,-43.51,-0.95,4692.423,4719.492,4579.39,4018243.25,4624634.43,4682050.53,0
2015-05-05,4785.192,4785.192,4596.837,4572.983,4604196.5,-190.904,-3.99,4730.13,4726.075,4564.726,4483372.95,4738875.72,4701695.0,0
2015-05-04,4757.637,4795.915,4787.741,4699.398,3778438.5,37.855,0.8,4772.281,4718.584,4543.411,4588686.75,4964895.18,4632137.06,0
2015-04-30,4788.412,4818.725,4749.886,4749.485,3997274.5,-24.44,-0.51,4755.261,4699.423,4510.263,4793304.95,5139853.97,4612750.38,0
2015-04-29,4722.903,4797.927,4774.326,4695.793,3950569.75,32.465,0.69,4753.462,4675.789,4478.964,4988711.95,5162730.28,4577643.08,0
2015-04-28,4811.319,4839.078,4741.861,4703.567,6086385.5,-65.731,-1.37,4746.56,4636.408,4442.807,5231025.6,5239827.45,4598147.41,0
2015-04-27,4753.871,4810.485,4807.592,4735.31,5130765.5,104.951,2.23,4722.021,4606.04,4410.123,4994378.5,5065621.05,4507976.64,0
2015-04-24,4682.626,4730.43,4702.641,4618.318,4801529.5,-38.251,-0.81,4664.886,4567.388,4368.329,5341103.6,4986697.55,4400816.4,0
2015-04-23,4764.481,4782.044,4740.892,4693.967,4974309.5,1.078,0.02,4643.585,4531.566,4330.696,5486403.0,4854734.78,4334118.09,0
2015-04-22,4637.055,4740.933,4739.814,4632.589,5162138.0,120.65,2.61,4598.116,4483.69,4290.672,5336748.6,4797003.72,4275387.04,0
2015-04-21,4520.461,4620.058,4619.164,4504.558,4903150.0,97.245,2.15,4526.256,4439.289,4252.334,5248629.3,4739466.63,4251570.79,0
2015-04-20,4615.034,4671.168,4521.919,4492.6,6864391.0,-74.217,-1.61,4490.06,4403.377,4219.979,5136863.6,4664514.28,4201973.25,0
2015-04-17,4578.679,4630.27,4596.136,4553.904,5528026.5,82.59,1.83,4469.89,4368.239,4188.512,4632291.5,4299378.95,4059662.48,0
2015-04-16,4355.491,4513.765,4513.546,4335.63,4226037.5,133.033,3.04,4419.546,4321.103,4150.692,4223066.55,4085646.78,3979034.96,0
2015-04-15,4439.314,4475.997,4380.513,4379.609,4721541.5,-57.671,-1.3,4369.265,4282.138,4117.317,4257258.85,3992555.88,3975328.09,0
2015-04-14,4432.126,4474.353,4438.184,4385.908,4344321.5,17.111,0.39,4352.323,4249.207,4086.148,4230303.95,3956467.38,3925063.85,0
2015-04-13,4394.047,4432.024,4421.073,4361.589,4341530.5,76.657,1.76,4316.695,4214.207,4049.522,4192164.95,3950332.23,3845566.93,0
2015-04-10,4249.383,4351.687,4344.416,4231.196,3481901.75,82.278,1.93,4266.588,4169.269,4009.351,3966466.4,3814935.25,3751922.79,0
2015-04-09,4316.958,4332.166,4262.138,4212.611,4396999.0,-33.665,-0.78,4222.66,4129.827,3971.773,3948227.0,3813501.4,3710660.01,0
2015-04-08,4277.45,4304.78,4295.803,4204.826,4586767.0,35.759,0.84,4195.011,4097.655,3934.898,3727852.9,3753770.35,3585283.98,0
2015-04-07,4213.894,4260.471,4260.044,4197.019,4153626.5,89.506,2.15,4146.091,4065.379,3896.139,3682630.8,3763674.95,3453079.46,0
2015-04-03,4104.672,4170.558,4170.538,4092.383,3213037.75,45.762,1.11,4111.718,4036.581,3860.024,3708499.5,3739432.23,3362368.33,0
2015-04-02,4149.946,4156.842,4124.776,4068.649,3390704.75,0.881,0.02,4071.95,4008.784,3825.423,3663404.1,3819946.0,3292475.47,0
2015-04-01,4057.501,4139.499,4123.895,4046.939,3295128.5,72.691,1.79,4036.995,3980.281,3794.002,3678775.8,3872423.15,3231694.63,0
2015-03-31,4138.885,4166.018,4051.204,4037.771,4360656.5,-36.974,-0.9,4000.298,3952.496,3764.348,3779687.8,3958100.3,3166770.19,0
2015-03-30,3999.024,4101.651,4088.178,3999.024,4282970.0,116.481,2.93,3984.666,3923.088,3737.183,3844719.1,3893660.33,3079670.62,0
2015-03-27,3957.542,3993.032,3971.697,3932.87,2987560.75,21.698,0.55,3961.443,3884.838,3712.837,3770364.95,3740801.63,2989610.18,0
2015-03-26,3921.745,3991.997,3949.999,3892.878,3467563.25,9.587,0.24,3945.618,3849.434,3692.894,3976487.9,3688910.33,2951625.37,0
2015-03-25,3961.578,3980.716,3940.412,3913.988,3799688.5,-32.634,-0.82,3923.566,3813.718,3673.709,4066070.5,3607818.63,2892911.43,0
2015-03-24,3980.066,3989.858,3973.046,3883.782,4685813.0,0.985,0.03,3904.695,3772.142,3650.625,4136512.8,3416797.6,2785696.68,0
2015-03-23,3923.083,3972.296,3972.061,3922.21,3911199.25,79.487,2.04,3861.51,3726.899,3628.089,3942601.55,3142483.96,2634070.19,0
2015-03-20,3852.492,3916.863,3892.574,3832.416,4018175.5,52.835,1.38,3808.232,3683.468,3604.46,3711238.3,2985304.44,2521330.89,0
2015-03-19,3851.249,3859.126,3839.739,3809.706,3915476.25,-6.316,-0.16,3753.249,3642.062,3583.323,3401332.75,2765004.94,2420967.11,0
2015-03-18,3769.086,3846.055,3846.055,3763.848,4151900.0,88.933,2.37,3703.87,3607.723,3563.479,3149566.75,2590966.11,2303234.14,0
2015-03-17,3733.961,3762.575,3757.122,3716.809,3716256.75,51.451,1.39,3639.589,3576.199,3542.883,2697082.4,2375440.09,2167946.03,0
2015-03-16,3641.773,3705.739,3705.671,3621.119,2754383.0,88.014,2.43,3592.287,3551.277,3525.374,2342366.37,2265680.91,2061787.73,0
2015-03-13,3604.671,3641.392,3617.657,3594.742,2468647.75,24.813,0.69,3558.703,3540.837,3507.386,2259370.57,2238418.74,2010245.49,0
2015-03-12,3557.686,3603.341,3592.844,3536.534,2656646.25,68.191,1.94,3530.876,3536.355,3492.125,2128677.12,2214340.41,1983145.2,0
2015-03-11,3524.575,3568.916,3524.653,3512.218,1889478.25,4.042,0.12,3511.576,3533.7,3480.83,2032365.47,2178004.24,1975528.19,0
2015-03-10,3523.64,3551.205,3520.611,3511.985,1942676.62,-17.139,-0.48,3512.809,3529.108,3474.685,2053797.77,2154595.76,1976706.45,0
2015-03-09,3449.696,3546.705,3537.75,3417.486,2339404.0,59.23,1.7,3510.267,3529.279,3470.527,2188995.45,2125656.41,1975995.67,0
2015-03-06,3501.184,3516.243,3478.52,3472.392,1815180.5,-17.824,-0.51,3522.97,3525.452,3461.338,2217466.9,2057357.35,1956617.32,0
2015-03-05,3513.249,3517.083,3496.344,3467.676,2175088.0,-34.478,-0.98,3541.835,3524.583,3459.131,2300003.7,2076929.28,1964097.88,0
2015-03-04,3514.667,3540.912,3530.822,3497.172,1996639.75,22.922,0.65,3555.825,3519.236,3458.404,2323643.0,2015502.16,1961152.9,0
2015-03-03,3579.315,3579.315,3507.9,3504.201,2618665.0,-93.365,-2.59,3545.406,3509.566,3458.129,2255393.75,1960451.96,1969431.03,0
2015-03-02,3603.452,3608.691,3601.265,3566.527,2481761.25,28.422,0.8,3548.291,3499.471,3461.48,2062317.37,1857894.55,1982332.36,0
2015-02-27,3565.233,3594.813,3572.843,3560.455,2227864.5,6.548,0.18,3527.934,3473.936,3461.816,1897247.8,1782072.25,1978127.4,0
2015-02-26,3473.713,3569.33,3566.295,3456.871,2293284.5,87.566,2.52,3507.331,3447.894,3461.761,1853854.85,1751949.99,2006820.26,0
2015-02-25,3529.55,3529.55,3478.729,3463.955,1655393.5,-43.593,-1.24,3482.647,3427.959,3461.827,1707361.33,1773052.14,2026582.84,0
2015-02-17,3511.544,3536.82,3522.322,3511.093,1653283.12,22.839,0.65,3473.726,3420.263,3465.335,1665510.18,1798817.14,2112777.26,0
2015-02-16,3473.289,3504.475,3499.483,3466.607,1656413.38,29.655,0.85,3450.65,3411.775,3459.03,1653471.73,1826334.93,2179034.72,0
2015-02-13,3458.827,3509.505,3469.828,3452.079,2010899.75,26.954,0.78,3419.938,3397.223,3451.813,1666896.7,1855877.29,2260966.69,0
2015-02-12,3435.361,3453.582,3442.874,3405.627,1560816.88,8.75,0.26,3388.456,3393.679,3460.079,1650045.13,1851266.48,2301762.51,0
2015-02-11,3415.977,3445.655,3434.124,3412.136,1446137.75,27.181,0.8,3373.271,3397.571,3468.141,1838742.95,1906803.64,2342627.84,0
2015-02-10,3345.077,3407.18,3406.943,3339.548,1593090.88,61.022,1.82,3366.8,3406.691,3471.556,1932124.1,1978410.09,2368327.21,0
2015-02-09,3305.734,3376.526,3345.921,3298.597,1723538.25,33.501,1.01,3372.9,3423.49,3476.911,1999198.13,2106770.17,2382249.65,0
2015-02-06,3352.33,3374.051,3312.42,3285.935,1926641.88,-54.526,-1.62,3374.508,3449.697,3485.294,2044857.88,2174182.55,2429356.32,0
2015-02-05,3487.951,3487.951,3366.946,3366.862,2504306.0,-34.822,-1.02,3398.902,3475.628,3497.009,2052487.82,2261690.54,2508015.57,0
2015-02-04,3446.144,3476.817,3401.768,3399.565,1913043.5,-35.677,-1.04,3421.872,3495.695,3506.625,1974864.32,2280113.54,2530301.79,0
2015-02-03,3388.602,3441.709,3437.445,3360.717,1928461.0,83.485,2.49,3446.583,3510.406,3518.726,2024696.07,2426737.39,2594745.23,0
2015-02-02,3360.193,3407.256,3353.96,3347.085,1951837.0,-80.43,-2.34,3474.08,3506.284,3528.907,2214342.22,2531734.51,2708803.28,0
2015-01-30,3496.885,3514.217,3434.39,3431.936,1964791.62,-47.408,-1.36,3524.885,3506.403,3543.286,2303507.22,2666056.09,2836810.48,0
2015-01-29,3474.915,3505.582,3481.798,3453.901,2116188.5,-43.525,-1.24,3552.354,3526.479,3548.251,2470893.25,2752258.55,2911538.27,0
2015-01-28,3547.239,3583.312,3525.323,3512.393,2162202.25,-49.608,-1.39,3569.517,3538.711,3547.039,2585362.75,2778452.05,2969845.79,0
2015-01-27,3614.038,3616.258,3574.931,3510.017,2876691.75,-33.054,-0.92,3574.229,3536.421,3543.546,2828778.7,2758244.34,3074243.2,0
2015-01-26,3580.118,3611.617,3607.985,3559.376,2397662.0,36.253,1.01,3538.487,3530.332,3537.091,2849126.8,2657729.12,3122715.67,0
2015-01-23,3582.088,3627.806,3571.732,3548.626,2801721.75,4.119,0.12,3487.921,3520.891,3523.463,3028604.95,2684530.1,3157732.35,0
2015-01-22,3551.052,3576.756,3567.613,3520.053,2688536.0,18.728,0.53,3500.604,3518.39,3506.396,3033623.85,2754340.6,3176371.05,0
2015-01-21,3420.491,3557.794,3548.885,3409.43,3379282.0,152.663,4.5,3507.906,3517.555,3494.261,2971541.35,2780490.05,3226812.3,0
2015-01-20,3336.793,3419.204,3396.222,3325.681,2978432.25,41.067,1.22,3498.613,3527.046,3486.541,2687709.97,2762753.07,3332749.02,0
2015-01-19,3414.013,3497.252,3355.155,3330.981,3295052.75,-279.991,-7.7,3522.177,3551.529,3485.888,2466331.45,2885872.05,3389433.21,0
2015-01-16,3616.248,3662.158,3635.146,3601.258,2826816.25,31.025,0.86,3553.861,3580.168,3485.427,2340455.25,3007564.87,3402665.67,0
2015-01-15,3501.719,3604.121,3604.121,3482.27,2378123.5,101.698,2.9,3536.177,3570.024,3471.699,2475057.35,3070818.0,3485395.24,0
2015-01-14,3522.907,3547.242,3502.423,3471.56,1960125.12,-11.617,-0.33,3527.204,3555.367,3456.663,2589438.75,3161239.52,3545550.99,0
2015-01-13,3506.451,3550.158,3514.04,3494.768,1871539.62,0.464,0.01,3555.478,3550.67,3442.404,2837796.17,3390242.06,3592641.64,0
2015-01-12,3531.515,3560.527,3513.576,3461.322,2665671.75,-33.147,-0.94,3580.881,3543.85,3426.363,3305412.65,3587702.23,3649597.33,0
2015-01-09,3547.574,3689.753,3546.723,3536.395,3499826.75,-12.536,-0.35,3606.474,3526.034,3409.835,3674674.5,3630934.6,3699859.59,0
2015-01-08,3650.073,3659.945,3559.259,3552.1,2950030.5,-84.531,-2.32,3603.871,3494.401,3393.576,3666578.65,3598401.5,3737377.6,0
2015-01-07,3620.924,3671.19,3643.79,3601.698,3201912.25,2.731,0.07,3583.53,3470.967,3370.959,3733040.3,3673134.55,3906313.35,0
2015-01-06,3608.428,3683.226,3641.059,3587.231,4209622.0,-0.482,-0.01,3545.863,3446.036,3351.413,3942687.95,3902744.98,3988448.91,0
2015-01-05,3566.089,3669.042,3641.541,3551.51,4511981.0,107.836,3.05,3506.819,3420.247,3336.169,3869991.8,3892994.38,3976808.22,0
2014-12-31,3462.389,3542.34,3533.705,3452.498,3459347.5,76.151,2.2,3445.594,3390.686,3319.204,3587194.7,3797766.48,3947076.4,0
2014-12-30,3450.814,3491.826,3457.554,3422.174,3282338.75,2.099,0.06,3384.93,3373.375,3306.586,3530224.35,3899972.48,3975766.34,0
2014-12-29,3502.183,3524.28,3455.455,3405.836,4250150.5,9.616,0.28,3358.404,3357.96,3297.15,3613228.8,3929862.45,4019105.56,0
2014-12-26,3343.64,3453.338,3445.839,3335.012,3846141.25,110.42,3.31,3346.21,3334.137,3286.597,3862802.0,3795041.23,4003702.57,0
2014-12-25,3254.48,3335.779,3335.419,3226.322,3097995.5,105.034,3.25,3333.675,3308.876,3275.222,3915996.95,3711492.43,4014956.95,0
2014-12-24,3332.146,3340.357,3230.385,3188.495,3174495.75,-94.539,-2.84,3335.777,3293.635,3270.592,4008338.25,3768784.58,4085492.44,0
2014-12-23,3358.798,3431.779,3324.924,3316.913,3697361.0,-69.557,-2.05,3361.819,3292.751,3273.942,4269720.6,3876353.7,4161408.83,0
2014-12-22,3396.251,3455.207,3394.481,3357.661,5498016.5,11.314,0.33,3357.515,3270.95,3269.307,4246496.1,4139492.15,4203595.0,0
2014-12-19,3345.629,3397.183,3383.167,3280.916,4112116.0,37.24,1.11,3322.064,3256.79,3256.79,3727280.45,4074152.85,4074152.85,0
2014-12-18,3359.09,3393.711,3345.927,3322.229,3559702.0,-14.671,-0.44,3284.076,3242.748,3242.748,3506987.9,4069934.72,4069934.72,0
2014-12-17,3325.82,3368.194,3360.598,3275.736,4481407.5,57.196,1.73,3251.493,3229.851,3229.851,3529230.9,4133713.81,4133713.81,0
2014-12-16,3221.358,3303.402,3303.402,3207.688,3581238.5,86.174,2.68,3223.683,3211.173,3211.173,3482986.8,4084043.29,4084043.29,0
2014-12-15,3176.829,3226.221,3217.228,3143.297,2901938.25,24.001,0.75,3184.385,3195.801,3195.801,4032488.2,4167844.08,4167844.08,0
2014-12-12,3182.923,3239.447,3193.227,3167.928,3010653.25,10.215,0.32,3191.516,3191.516,3191.516,4421025.25,4421025.25,4421025.25,0
2014-12-11,3185.161,3254.424,3183.012,3158.443,3670917.0,-38.534,-1.2,3191.088,3191.088,3191.088,4773618.25,4773618.25,4773618.25,0
2014-12-10,3120.212,3229.047,3221.546,3058.191,4250187.0,114.633,3.69,3193.78,3193.78,3193.78,5141185.33,5141185.33,5141185.33,0
2014-12-09,3233.097,3387.827,3106.913,3074.516,6328745.5,-145.968,-4.49,3179.897,3179.897,3179.897,5586684.5,5586684.5,5586684.5,0
2014-12-08,3108.272,3270.881,3252.881,3075.7,4844623.5,127.996,4.1,3252.881,3252.881,3252.881,4844623.5,4844623.5,4844623.5,0
